date,value
02.06.22,29951.90
01.06.22,29798.50
31.05.22,31793.40
30.05.22,31723.30
29.05.22,29465.20
28.05.22,29027.10
27.05.22,28601.20
26.05.22,29203.50
25.05.22,29540.60
24.05.22,29648.70
23.05.22,29093.30
22.05.22,30286.60
21.05.22,29434.60
20.05.22,29178.60
19.05.22,30305.90
18.05.22,28683.70
17.05.22,30437.50
16.05.22,29849.00
15.05.22,31308.70
14.05.22,30080.40
13.05.22,29284.40
12.05.22,28976.00
11.05.22,29068.20
10.05.22,31007.50
09.05.22,30095.00
08.05.22,34060.00
07.05.22,35468.00
06.05.22,36009.00
05.05.22,36544.00
04.05.22,39688.00
03.05.22,37718.00
02.05.22,38514.00
01.05.22,38461.00
30.04.22,37650.00
29.04.22,38581.00
28.04.22,39748.00
27.04.22,39243.00
26.04.22,38113.00
25.04.22,40427.00
24.04.22,39464.00
23.04.22,39418.00
22.04.22,39709.00
21.04.22,40482.00
20.04.22,41368.00
19.04.22,41503.00
18.04.22,40803.00
17.04.22,39703.00
16.04.22,40382.00
15.04.22,40560.00
14.04.22,39936.00
13.04.22,41133.00
12.04.22,40078.00
11.04.22,39497.00
10.04.22,42138.00
09.04.22,42767.00
08.04.22,42275.00
07.04.22,43448.00
06.04.22,43173.00
05.04.22,45506.00
04.04.22,46629.00
03.04.22,46407.00
02.04.22,45811.00
01.04.22,46297.00
31.03.22,45525.00
30.03.22,47075.00
29.03.22,47449.00
28.03.22,47105.00
27.03.22,46859.00
26.03.22,44548.00
25.03.22,44331.00
24.03.22,44013.00
23.03.22,42912.00
22.03.22,42373.00
21.03.22,41022.00
20.03.22,41276.00
19.03.22,42233.00
18.03.22,41767.80
17.03.22,40914.80
16.03.22,41118.70
15.03.22,39285.70
14.03.22,39671.10
13.03.22,37792.40
12.03.22,38814.30
11.03.22,38730.20
10.03.22,39416.30
09.03.22,41929.00
08.03.22,38744.80
07.03.22,38024.80
06.03.22,38403.10
05.03.22,39395.80
04.03.22,39142.70
03.03.22,42463.00
02.03.22,43912.80
01.03.22,44420.30
28.02.22,43188.20
27.02.22,37689.10
26.02.22,39115.50
25.02.22,39209.60
24.02.22,38339.20
23.02.22,37224.60
22.02.22,38248.20
21.02.22,37017.70
20.02.22,38355.00
19.02.22,40090.30
18.02.22,40000.10
17.02.22,40552.80
16.02.22,43883.60
15.02.22,44544.40
14.02.22,42550.30
13.02.22,42061.10
12.02.22,42205.20
11.02.22,42388.40
10.02.22,43521.00
09.02.22,44388.90
08.02.22,44038.20
07.02.22,43833.90
06.02.22,42392.20
05.02.22,41412.10
04.02.22,41567.60
03.02.22,37287.80
02.02.22,36890.20
01.02.22,38709.70
31.01.22,38498.60
30.01.22,37917.70
29.01.22,38170.80
28.01.22,37745.10
27.01.22,37164.30
26.01.22,36800.40
25.01.22,36950.60
24.01.22,36686.30
23.01.22,36269.50
22.01.22,35075.20
21.01.22,36475.50
20.01.22,40715.90
19.01.22,41677.80
18.01.22,42364.60
17.01.22,42209.30
16.01.22,43079.10
15.01.22,43097.00
14.01.22,43073.30
13.01.22,42560.00
12.01.22,43901.00
11.01.22,42733.20
10.01.22,41832.20
09.01.22,41848.30
08.01.22,41672.00
07.01.22,41546.70
06.01.22,43097.50
05.01.22,43425.90
04.01.22,45837.30
03.01.22,46430.20
02.01.22,47311.80
01.01.22,47738.00
31.12.21,46219.50
30.12.21,47123.30
29.12.21,46461.70
28.12.21,47545.20
27.12.21,50678.20
26.12.21,50779.90
25.12.21,50406.40
24.12.21,50786.10
23.12.21,50801.00
22.12.21,48599.70
21.12.21,48902.00
20.12.21,46895.20
19.12.21,46704.50
18.12.21,46856.20
17.12.21,46172.20
16.12.21,47628.20
15.12.21,48871.50
14.12.21,48366.50
13.12.21,46703.60
12.12.21,50081.00
11.12.21,49314.50
10.12.21,47137.20
09.12.21,47596.60
08.12.21,50473.90
07.12.21,50595.20
06.12.21,50562.10
05.12.21,49405.50
04.12.21,49195.20
03.12.21,53631.50
02.12.21,56496.00
01.12.21,57210.30
30.11.21,56882.90
29.11.21,57794.80
28.11.21,57291.50
27.11.21,54765.90
26.11.21,53730.90
25.11.21,58935.10
24.11.21,57171.70
23.11.21,57573.20
22.11.21,56308.80
21.11.21,58714.30
20.11.21,59717.60
19.11.21,58083.40
18.11.21,56955.30
17.11.21,60367.80
16.11.21,60089.10
15.11.21,63597.90
14.11.21,65508.20
13.11.21,64398.60
12.11.21,64134.50
11.11.21,64806.70
10.11.21,64932.60
09.11.21,66904.40
08.11.21,67527.90
07.11.21,63273.20
06.11.21,61483.90
05.11.21,60974.30
04.11.21,61412.60
03.11.21,62918.50
02.11.21,63221.70
01.11.21,60915.30
31.10.21,61309.60
30.10.21,61840.10
29.10.21,62242.80
28.10.21,60582.50
27.10.21,58438.10
26.10.21,60310.80
25.10.21,63067.00
24.10.21,60866.50
23.10.21,61312.50
22.10.21,60690.30
21.10.21,62210.20
20.10.21,65979.10
19.10.21,64278.50
18.10.21,62056.30
17.10.21,61527.50
16.10.21,60861.10
15.10.21,61672.50
14.10.21,57345.80
13.10.21,57380.10
12.10.21,56015.90
11.10.21,57477.30
10.10.21,54687.70
09.10.21,54942.50
08.10.21,53914.70
07.10.21,53783.90
06.10.21,55323.20
05.10.21,51469.30
04.10.21,49227.30
03.10.21,48200.10
02.10.21,47666.90
01.10.21,48146.00
30.09.21,43823.30
29.09.21,41536.80
28.09.21,41022.30
27.09.21,42172.60
26.09.21,43203.40
25.09.21,42686.80
24.09.21,42819.90
23.09.21,44869.20
22.09.21,43551.60
21.09.21,40651.30
20.09.21,42870.60
19.09.21,47238.70
18.09.21,48306.70
17.09.21,47282.80
16.09.21,47748.00
15.09.21,48130.60
14.09.21,47077.50
13.09.21,44949.50
12.09.21,46062.30
11.09.21,45161.90
10.09.21,44842.80
09.09.21,46385.60
08.09.21,46061.40
07.09.21,46779.60
06.09.21,52672.10
05.09.21,51768.60
04.09.21,49918.40
03.09.21,49999.00
02.09.21,49274.30
01.09.21,48819.40
31.08.21,47130.40
30.08.21,46992.70
29.08.21,48777.40
28.08.21,48897.10
27.08.21,49064.30
26.08.21,46831.60
25.08.21,48994.50
24.08.21,47714.70
23.08.21,49539.70
22.08.21,49254.50
21.08.21,48875.80
20.08.21,49324.00
19.08.21,46755.90
18.08.21,44723.80
17.08.21,44691.60
16.08.21,45996.30
15.08.21,46991.30
14.08.21,47081.50
13.08.21,47809.10
12.08.21,44403.40
11.08.21,45564.30
10.08.21,45593.80
09.08.21,46284.30
08.08.21,43792.80
07.08.21,44614.20
06.08.21,42795.40
05.08.21,40867.20
04.08.21,39736.90
03.08.21,38130.30
02.08.21,39168.40
01.08.21,39878.30
31.07.21,41553.70
30.07.21,42203.40
29.07.21,40001.40
28.07.21,40003.20
27.07.21,39452.00
26.07.21,37276.60
25.07.21,35391.10
24.07.21,33824.80
23.07.21,33603.30
22.07.21,32298.90
21.07.21,32131.40
20.07.21,29793.80
19.07.21,30837.20
18.07.21,31785.40
17.07.21,31518.60
16.07.21,31394.00
15.07.21,31840.50
14.07.21,32820.70
13.07.21,32728.10
12.07.21,33113.00
11.07.21,34227.70
10.07.21,33510.60
09.07.21,33797.40
08.07.21,32866.30
07.07.21,33867.80
06.07.21,34225.60
05.07.21,33687.80
04.07.21,35298.20
03.07.21,34742.80
02.07.21,33813.40
01.07.21,33543.60
30.06.21,35026.90
29.06.21,35834.70
28.06.21,34475.90
27.06.21,34678.50
26.06.21,32243.40
25.06.21,31594.00
24.06.21,34665.80
23.06.21,33674.30
22.06.21,32496.40
21.06.21,31692.00
20.06.21,35595.80
19.06.21,35513.40
18.06.21,35749.40
17.06.21,38052.00
16.06.21,38336.00
15.06.21,40156.10
14.06.21,40529.40
13.06.21,39022.90
12.06.21,35467.50
11.06.21,37314.60
10.06.21,36649.40
09.06.21,37332.20
08.06.21,33382.90
07.06.21,33578.00
06.06.21,35815.40
05.06.21,35520.00
04.06.21,36851.30
03.06.21,39187.30
02.06.21,37555.80
01.06.21,36687.60
31.05.21,37298.60
30.05.21,35652.80
29.05.21,34584.60
28.05.21,35662.50
27.05.21,38417.30
26.05.21,39249.20
25.05.21,38378.30
24.05.21,38750.60
23.05.21,34679.70
22.05.21,37448.30
21.05.21,37297.40
20.05.21,40717.20
19.05.21,36720.50
18.05.21,42897.30
17.05.21,43541.30
16.05.21,46426.40
15.05.21,46708.80
14.05.21,49839.80
13.05.21,49704.60
12.05.21,49384.20
11.05.21,56695.70
10.05.21,55848.90
09.05.21,58238.30
08.05.21,58840.10
07.05.21,57337.20
06.05.21,56405.40
05.05.21,57441.30
04.05.21,53741.50
03.05.21,57169.80
02.05.21,56603.80
01.05.21,57807.10
30.04.21,57720.30
29.04.21,53560.80
28.04.21,54841.40
27.04.21,55036.50
26.04.21,54020.50
25.04.21,48963.60
24.04.21,50088.90
23.04.21,51143.60
22.04.21,51729.50
21.04.21,53820.20
20.04.21,56483.20
19.04.21,55646.10
18.04.21,56207.10
17.04.21,60041.90
16.04.21,61379.70
15.04.21,63216.00
14.04.21,62980.40
13.04.21,63540.90
12.04.21,59863.80
11.04.21,59978.70
10.04.21,59748.40
09.04.21,58118.70
08.04.21,58077.40
07.04.21,55948.70
06.04.21,57996.30
05.04.21,58993.40
04.04.21,58199.90
03.04.21,57059.90
02.04.21,58977.30
01.04.21,58718.30
31.03.21,58763.70
30.03.21,58771.30
29.03.21,57616.20
28.03.21,55765.20
27.03.21,55862.90
26.03.21,55036.10
25.03.21,51322.30
24.03.21,52325.40
23.03.21,54452.50
22.03.21,54158.30
21.03.21,57383.80
20.03.21,58093.40
19.03.21,58088.00
18.03.21,57656.00
17.03.21,58913.50
16.03.21,56889.70
15.03.21,55791.30
14.03.21,59113.70
13.03.21,61195.30
12.03.21,57265.10
11.03.21,57799.50
10.03.21,55851.90
09.03.21,54879.00
08.03.21,52311.00
07.03.21,50982.30
06.03.21,48855.60
05.03.21,48792.50
04.03.21,48428.00
03.03.21,50395.10
02.03.21,48424.20
01.03.21,49595.50
28.02.21,45164.00
27.02.21,46136.70
26.02.21,46345.60
25.02.21,46928.50
24.02.21,49697.50
23.02.21,48911.20
22.02.21,54111.80
21.02.21,57433.80
20.02.21,55923.70
19.02.21,55906.60
18.02.21,51582.20
17.02.21,52079.20
16.02.21,49169.70
15.02.21,47936.30
14.02.21,48643.40
13.02.21,47168.70
12.02.21,47371.70
11.02.21,47990.70
10.02.21,44836.00
09.02.21,46508.60
08.02.21,46395.70
07.02.21,38852.90
06.02.21,39256.60
05.02.21,38297.60
04.02.21,36982.10
03.02.21,37646.80
02.02.21,35485.20
01.02.21,33515.70
31.01.21,33108.10
30.01.21,34283.10
29.01.21,34301.80
28.01.21,33374.80
27.01.21,30404.00
26.01.21,32502.10
25.01.21,32252.30
24.01.21,32241.30
23.01.21,32088.90
22.01.21,33000.50
21.01.21,30842.10
20.01.21,35476.30
19.01.21,36002.90
18.01.21,36613.20
17.01.21,35839.60
16.01.21,36019.50
15.01.21,36845.80
14.01.21,39175.70
13.01.21,37382.20
12.01.21,34076.10
11.01.21,35544.30
10.01.21,38192.20
09.01.21,40151.90
08.01.21,40599.30
07.01.21,39460.20
06.01.21,36793.20
05.01.21,33991.50
04.01.21,32022.60
03.01.21,32958.90
02.01.21,32193.30
01.01.21,29359.90
31.12.20,28949.40
30.12.20,28868.70
29.12.20,27376.00
28.12.20,27057.80
27.12.20,26261.30
26.12.20,26454.40
25.12.20,24689.60
24.12.20,23736.50
23.12.20,23257.90
22.12.20,23823.20
21.12.20,22728.50
20.12.20,23474.90
19.12.20,23844.00
18.12.20,23127.90
17.12.20,22825.40
16.12.20,21352.20
15.12.20,19434.90
14.12.20,19273.80
13.12.20,19176.80
12.12.20,18808.90
11.12.20,18023.60
10.12.20,18247.20
09.12.20,18546.00
08.12.20,18326.60
07.12.20,19170.70
06.12.20,19379.90
05.12.20,19146.50
04.12.20,18658.10
03.12.20,19433.30
02.12.20,19218.80
01.12.20,18770.70
30.11.20,19698.10
29.11.20,18185.50
28.11.20,17730.70
27.11.20,17127.10
26.11.20,17162.00
25.11.20,18723.00
24.11.20,19152.60
23.11.20,18379.60
22.11.20,18412.90
21.11.20,18687.20
20.11.20,18675.20
19.11.20,17803.50
18.11.20,17774.60
17.11.20,17662.30
16.11.20,16715.80
15.11.20,15953.00
14.11.20,16071.00
13.11.20,16324.20
12.11.20,16294.70
11.11.20,15695.80
10.11.20,15303.60
09.11.20,15327.20
08.11.20,15483.70
07.11.20,14828.40
06.11.20,15577.90
05.11.20,15587.10
04.11.20,14145.60
03.11.20,14019.90
02.11.20,13561.40
01.11.20,13759.40
31.10.20,13797.30
30.10.20,13559.90
29.10.20,13457.20
28.10.20,13278.90
27.10.20,13657.80
26.10.20,13061.60
25.10.20,13032.20
24.10.20,13117.20
23.10.20,12934.10
22.10.20,12974.60
21.10.20,12808.70
20.10.20,11913.50
19.10.20,11753.40
18.10.20,11506.90
17.10.20,11362.10
16.10.20,11322.00
15.10.20,11503.00
14.10.20,11420.40
13.10.20,11423.80
12.10.20,11533.90
11.10.20,11371.00
10.10.20,11298.40
09.10.20,11054.20
08.10.20,10924.10
07.10.20,10670.90
06.10.20,10602.60
05.10.20,10789.50
04.10.20,10672.90
03.10.20,10544.20
02.10.20,10572.30
01.10.20,10620.50
30.09.20,10776.10
29.09.20,10840.90
28.09.20,10693.20
27.09.20,10776.20
26.09.20,10727.90
25.09.20,10688.80
24.09.20,10739.40
23.09.20,10237.30
22.09.20,10531.50
21.09.20,10416.80
20.09.20,10921.50
19.09.20,11081.80
18.09.20,10933.00
17.09.20,10941.30
16.09.20,10949.50
15.09.20,10785.30
14.09.20,10675.30
13.09.20,10326.00
12.09.20,10441.90
11.09.20,10390.20
10.09.20,10339.70
09.09.20,10224.60
08.09.20,10126.60
07.09.20,10376.90
06.09.20,10296.40
05.09.20,10092.20
04.09.20,10472.50
03.09.20,10168.80
02.09.20,11413.30
01.09.20,11914.90
31.08.20,11644.20
30.08.20,11702.00
29.08.20,11468.10
28.08.20,11527.40
27.08.20,11327.40
26.08.20,11462.30
25.08.20,11324.80
24.08.20,11753.50
23.08.20,11641.60
22.08.20,11661.30
21.08.20,11529.20
20.08.20,11856.90
19.08.20,11750.20
18.08.20,11947.60
17.08.20,12282.60
16.08.20,11899.00
15.08.20,11845.30
14.08.20,11750.80
13.08.20,11770.90
12.08.20,11557.20
11.08.20,11390.40
10.08.20,11889.20
09.08.20,11681.20
08.08.20,11764.30
07.08.20,11592.00
06.08.20,11757.10
05.08.20,11735.10
04.08.20,11184.70
03.08.20,11224.40
02.08.20,11066.80
01.08.20,11803.10
31.07.20,11333.40
30.07.20,11096.20
29.07.20,11105.90
28.07.20,10908.50
27.07.20,11022.80
26.07.20,9932.50
25.07.20,9704.10
24.07.20,9546.40
23.07.20,9599.60
22.07.20,9513.70
21.07.20,9387.30
20.07.20,9162.40
19.07.20,9208.00
18.07.20,9170.20
17.07.20,9155.80
16.07.20,9135.30
15.07.20,9198.70
14.07.20,9253.40
13.07.20,9243.60
12.07.20,9300.80
11.07.20,9233.30
10.07.20,9285.10
09.07.20,9235.70
08.07.20,9429.90
07.07.20,9256.00
06.07.20,9339.00
05.07.20,9081.00
04.07.20,9134.40
03.07.20,9067.10
02.07.20,9085.10
01.07.20,9229.90
30.06.20,9135.40
29.06.20,9185.40
28.06.20,9124.00
27.06.20,9008.30
26.06.20,9160.00
25.06.20,9247.50
24.06.20,9302.00
23.06.20,9624.60
22.06.20,9683.70
21.06.20,9296.40
20.06.20,9358.80
19.06.20,9314.00
18.06.20,9388.10
17.06.20,9464.60
16.06.20,9523.50
15.06.20,9425.40
14.06.20,9345.30
13.06.20,9471.30
12.06.20,9466.60
11.06.20,9283.20
10.06.20,9878.80
09.06.20,9768.80
08.06.20,9777.90
07.06.20,9742.60
06.06.20,9669.60
05.06.20,9631.20
04.06.20,9794.40
03.06.20,9667.20
02.06.20,9527.60
01.06.20,10189.30
31.05.20,9454.80
30.05.20,9692.50
29.05.20,9424.80
28.05.20,9572.20
27.05.20,9199.10
26.05.20,8842.50
25.05.20,8898.20
24.05.20,8728.20
23.05.20,9177.00
22.05.20,9169.70
21.05.20,9059.00
20.05.20,9512.30
19.05.20,9773.30
18.05.20,9730.70
17.05.20,9677.70
16.05.20,9379.50
15.05.20,9318.00
14.05.20,9778.40
13.05.20,9298.70
12.05.20,8813.80
11.05.20,8579.80
10.05.20,8738.80
09.05.20,9554.60
08.05.20,9806.20
07.05.20,9979.80
06.05.20,9151.40
05.05.20,9001.00
04.05.20,8874.70
03.05.20,8885.50
02.05.20,8966.30
01.05.20,8821.60
30.04.20,8629.00
29.04.20,8770.90
28.04.20,7746.90
27.04.20,7766.00
26.04.20,7678.90
25.04.20,7540.40
24.04.20,7503.80
23.04.20,7488.50
22.04.20,7112.90
21.04.20,6842.50
20.04.20,6833.50
19.04.20,7122.90
18.04.20,7230.80
17.04.20,7035.80
16.04.20,7085.60
15.04.20,6629.10
14.04.20,6850.90
13.04.20,6841.30
12.04.20,6917.60
11.04.20,6867.80
10.04.20,6863.10
09.04.20,7289.00
08.04.20,7361.20
07.04.20,7185.20
06.04.20,7332.30
05.04.20,6772.70
04.04.20,6857.40
03.04.20,6735.90
02.04.20,6800.50
01.04.20,6638.50
31.03.20,6412.50
30.03.20,6391.00
29.03.20,5890.40
28.03.20,6233.70
27.03.20,6373.40
26.03.20,6725.10
25.03.20,6678.90
24.03.20,6744.60
23.03.20,6468.90
22.03.20,5822.10
21.03.20,6186.20
20.03.20,6205.30
19.03.20,6172.00
18.03.20,5361.40
17.03.20,5261.10
16.03.20,5030.00
15.03.20,5366.30
14.03.20,5182.70
13.03.20,5584.30
12.03.20,4826.00
11.03.20,7935.10
10.03.20,7891.20
09.03.20,7933.00
08.03.20,8034.10
07.03.20,8887.80
06.03.20,9134.80
05.03.20,9060.30
04.03.20,8757.90
03.03.20,8761.40
02.03.20,8904.80
01.03.20,8540.00
29.02.20,8543.70
28.02.20,8697.50
27.02.20,8818.60
26.02.20,8800.30
25.02.20,9317.20
24.02.20,9662.70
23.02.20,9942.70
22.02.20,9655.70
21.02.20,9684.50
20.02.20,9602.40
19.02.20,9609.40
18.02.20,10158.40
17.02.20,9701.40
16.02.20,9932.30
15.02.20,9907.70
14.02.20,10333.00
13.02.20,10235.10
12.02.20,10317.70
11.02.20,10229.50
10.02.20,9854.10
09.02.20,10151.50
08.02.20,9895.50
07.02.20,9818.60
06.02.20,9772.00
05.02.20,9611.80
04.02.20,9193.90
03.02.20,9296.60
02.02.20,9334.90
01.02.20,9381.60
31.01.20,9349.10
30.01.20,9507.30
29.01.20,9298.90
28.01.20,9377.30
27.01.20,8866.60
26.01.20,8607.80
25.01.20,8341.60
24.01.20,8439.90
23.01.20,8405.10
22.01.20,8678.50
21.01.20,8732.60
20.01.20,8641.90
19.01.20,8706.20
18.01.20,8916.30
17.01.20,8913.10
16.01.20,8726.90
15.01.20,8818.30
14.01.20,8829.20
13.01.20,8111.40
12.01.20,8187.60
11.01.20,8024.10
10.01.20,8187.10
09.01.20,7842.40
08.01.20,8059.60
07.01.20,8155.70
06.01.20,7759.10
05.01.20,7372.50
04.01.20,7376.80
03.01.20,7343.10
02.01.20,6967.00
01.01.20,7199.80
31.12.19,7196.40
30.12.19,7261.80
29.12.19,7397.50
28.12.19,7321.50
27.12.19,7261.70
26.12.19,7210.90
25.12.19,7224.80
24.12.19,7268.30
23.12.19,7322.80
22.12.19,7495.80
21.12.19,7156.20
20.12.19,7196.40
19.12.19,7165.50
18.12.19,7276.00
17.12.19,6613.30
16.12.19,6903.50
15.12.19,7128.50
14.12.19,7080.80
13.12.19,7255.20
12.12.19,7208.00
11.12.19,7208.00
10.12.19,7235.70
09.12.19,7355.80
08.12.19,7524.40
07.12.19,7510.90
06.12.19,7530.80
05.12.19,7399.20
04.12.19,7204.40
03.12.19,7291.80
02.12.19,7298.20
01.12.19,7396.40
30.11.19,7546.60
29.11.19,7742.70
28.11.19,7426.70
27.11.19,7510.60
26.11.19,7162.80
25.11.19,7115.60
24.11.19,6924.70
23.11.19,7324.10
22.11.19,7272.50
21.11.19,7627.90
20.11.19,8099.30
19.11.19,8145.70
18.11.19,8208.40
17.11.19,8509.80
16.11.19,8497.30
15.11.19,8476.30
14.11.19,8661.20
13.11.19,8783.10
12.11.19,8812.60
11.11.19,8736.90
10.11.19,9036.80
09.11.19,8804.50
08.11.19,8778.20
07.11.19,9223.50
06.11.19,9338.90
05.11.19,9310.80
04.11.19,9396.40
03.11.19,9198.30
02.11.19,9300.60
01.11.19,9230.10
31.10.19,9152.60
30.10.19,9157.90
29.10.19,9411.30
28.10.19,9207.20
27.10.19,9529.60
26.10.19,9230.60
25.10.19,8658.30
24.10.19,7422.70
23.10.19,7477.00
22.10.19,8031.40
21.10.19,8208.20
20.10.19,8223.40
19.10.19,7957.30
18.10.19,7948.50
17.10.19,8073.30
16.10.19,8000.40
15.10.19,8167.20
14.10.19,8353.30
13.10.19,8281.50
12.10.19,8304.40
11.10.19,8267.80
10.10.19,8562.30
09.10.19,8566.70
08.10.19,8182.90
07.10.19,8198.60
06.10.19,7881.90
05.10.19,8127.30
04.10.19,8148.10
03.10.19,8226.90
02.10.19,8364.10
01.10.19,8302.70
30.09.19,8284.30
29.09.19,8049.10
28.09.19,8208.50
27.09.19,8184.90
26.09.19,8063.80
25.09.19,8432.40
24.09.19,8513.90
23.09.19,9702.20
22.09.19,10031.60
21.09.19,9993.00
20.09.19,10172.70
19.09.19,10250.50
18.09.19,10164.70
17.09.19,10195.70
16.09.19,10255.50
15.09.19,10311.50
14.09.19,10337.30
13.09.19,10342.10
12.09.19,10415.10
11.09.19,10162.50
10.09.19,10105.40
09.09.19,10309.00
08.09.19,10402.80
07.09.19,10461.10
06.09.19,10309.30
05.09.19,10566.90
04.09.19,10568.20
03.09.19,10612.30
02.09.19,10348.80
01.09.19,9729.30
31.08.19,9594.40
30.08.19,9585.40
29.08.19,9491.00
28.08.19,9729.40
27.08.19,10184.80
26.08.19,10371.80
25.08.19,10136.30
24.08.19,10131.00
23.08.19,10388.70
22.08.19,10105.00
21.08.19,10141.50
20.08.19,10752.60
19.08.19,10910.70
18.08.19,10312.70
17.08.19,10218.10
16.08.19,10335.60
15.08.19,10303.40
14.08.19,10049.40
13.08.19,10892.90
12.08.19,11394.20
11.08.19,11517.20
10.08.19,11314.50
09.08.19,12089.80
08.08.19,12191.60
07.08.19,12013.90
06.08.19,11480.90
05.08.19,11816.80
04.08.19,10934.60
03.08.19,10815.70
02.08.19,10520.10
01.08.19,10380.00
31.07.19,10082.00
30.07.19,9580.70
29.07.19,9580.90
28.07.19,9727.80
27.07.19,9492.10
26.07.19,9831.00
25.07.19,9945.30
24.07.19,9804.30
23.07.19,9888.70
22.07.19,10412.50
21.07.19,10714.40
20.07.19,10826.70
19.07.19,10571.50
18.07.19,10651.40
17.07.19,9723.20
16.07.19,9424.80
15.07.19,10845.90
14.07.19,10200.10
13.07.19,11364.90
12.07.19,11762.10
11.07.19,11342.30
10.07.19,12110.60
09.07.19,12541.50
08.07.19,12252.60
07.07.19,11415.90
06.07.19,11268.00
05.07.19,10970.20
04.07.19,11163.10
03.07.19,11900.80
02.07.19,10835.90
01.07.19,10616.60
30.06.19,10818.60
29.06.19,11906.50
28.06.19,12409.10
27.06.19,11287.80
26.06.19,13063.80
25.06.19,11809.90
24.06.19,11046.40
23.06.19,10897.10
22.06.19,10721.70
21.06.19,10179.30
20.06.19,9517.00
19.06.19,9255.40
18.06.19,9080.60
17.06.19,9318.80
16.06.19,8962.50
15.06.19,8812.50
14.06.19,8656.10
13.06.19,8219.00
12.06.19,8133.10
11.06.19,7888.00
10.06.19,7987.80
09.06.19,7635.00
08.06.19,7901.40
07.06.19,7985.20
06.06.19,7784.90
05.06.19,7779.10
04.06.19,7685.50
03.06.19,8124.80
02.06.19,8728.60
01.06.19,8545.70
31.05.19,8558.30
30.05.19,8271.90
29.05.19,8647.80
28.05.19,8716.30
27.05.19,8760.10
26.05.19,8630.20
25.05.19,8027.40
24.05.19,7970.10
23.05.19,7852.10
22.05.19,7635.70
21.05.19,7930.30
20.05.19,7965.30
19.05.19,8157.20
18.05.19,7262.60
17.05.19,7359.50
16.05.19,7871.80
15.05.19,8164.60
14.05.19,7994.60
13.05.19,7806.00
12.05.19,6984.80
11.05.19,7190.30
10.05.19,6386.00
09.05.19,6191.50
08.05.19,5990.30
07.05.19,5849.50
06.05.19,5745.10
05.05.19,5774.90
04.05.19,5830.90
03.05.19,5766.80
02.05.19,5493.80
01.05.19,5384.20
30.04.19,5320.80
29.04.19,5235.00
28.04.19,5302.30
27.04.19,5265.90
26.04.19,5298.30
25.04.19,5209.10
24.04.19,5415.60
23.04.19,5511.60
22.04.19,5346.70
21.04.19,5243.50
20.04.19,5290.20
19.04.19,5241.00
18.04.19,5264.70
17.04.19,5208.30
16.04.19,5180.90
15.04.19,5032.30
14.04.19,5134.80
13.04.19,5051.80
12.04.19,5054.20
11.04.19,5022.60
10.04.19,5307.80
09.04.19,5158.40
08.04.19,5245.20
07.04.19,5173.60
06.04.19,5046.20
05.04.19,5010.20
04.04.19,4902.40
03.04.19,4968.70
02.04.19,4859.30
01.04.19,4145.10
31.03.19,4102.30
30.03.19,4111.80
29.03.19,4102.20
28.03.19,4025.60
27.03.19,4041.70
26.03.19,3942.80
25.03.19,3937.00
24.03.19,3994.70
23.03.19,4002.50
22.03.19,3990.40
21.03.19,3982.20
20.03.19,4041.20
19.03.19,4017.00
18.03.19,3990.20
17.03.19,3981.50
16.03.19,4006.40
15.03.19,3924.30
14.03.19,3879.00
13.03.19,3865.10
12.03.19,3886.00
11.03.19,3870.30
10.03.19,3915.20
09.03.19,3944.30
08.03.19,3865.90
07.03.19,3875.10
06.03.19,3863.00
05.03.19,3857.20
04.03.19,3715.90
03.03.19,3809.50
02.03.19,3823.10
01.03.19,3821.90
28.02.19,3816.60
27.02.19,3814.60
26.02.19,3810.30
25.02.19,3833.70
24.02.19,3755.20
23.02.19,4120.40
22.02.19,3965.20
21.02.19,3936.60
20.02.19,3972.40
19.02.19,3914.30
18.02.19,3896.00
17.02.19,3664.20
16.02.19,3616.80
15.02.19,3604.70
14.02.19,3592.60
13.02.19,3611.50
12.02.19,3632.00
11.02.19,3631.80
10.02.19,3679.00
09.02.19,3661.40
08.02.19,3661.70
07.02.19,3397.70
06.02.19,3404.30
05.02.19,3468.40
04.02.19,3462.80
03.02.19,3459.10
02.02.19,3502.50
01.02.19,3467.90
31.01.19,3437.20
30.01.19,3460.00
29.01.19,3414.80
28.01.19,3442.80
27.01.19,3555.60
26.01.19,3570.90
25.01.19,3572.00
24.01.19,3574.30
23.01.19,3561.50
22.01.19,3580.10
21.01.19,3536.70
20.01.19,3542.30
19.01.19,3677.80
18.01.19,3605.60
17.01.19,3626.40
16.01.19,3588.00
15.01.19,3571.30
14.01.19,3638.10
13.01.19,3490.20
12.01.19,3597.20
11.01.19,3616.50
10.01.19,3603.70
09.01.19,3978.00
08.01.19,3971.00
07.01.19,3985.90
06.01.19,4004.10
05.01.19,3785.40
04.01.19,3802.70
03.01.19,3780.10
02.01.19,3873.80
01.01.19,3809.40
31.12.18,3709.40
30.12.18,3815.00
29.12.18,3706.80
28.12.18,3861.60
27.12.18,3586.90
26.12.18,3793.70
25.12.18,3762.50
24.12.18,4026.10
23.12.18,3944.40
22.12.18,3964.40
21.12.18,3850.90
20.12.18,4076.00
19.12.18,3687.10
18.12.18,3668.00
17.12.18,3526.10
16.12.18,3247.90
15.12.18,3228.70
14.12.18,3247.80
13.12.18,3315.30
12.12.18,3466.10
11.12.18,3407.70
10.12.18,3460.50
09.12.18,3567.50
08.12.18,3430.40
07.12.18,3422.20
06.12.18,3508.60
05.12.18,3771.60
04.12.18,3958.50
03.12.18,3897.80
02.12.18,4160.40
01.12.18,4196.20
30.11.18,4039.70
29.11.18,4296.50
28.11.18,4265.40
27.11.18,3866.50
26.11.18,3837.00
25.11.18,4062.20
24.11.18,3920.40
23.11.18,4398.00
22.11.18,4356.00
21.11.18,4638.70
20.11.18,4524.60
19.11.18,4883.80
18.11.18,5658.30
17.11.18,5621.80
16.11.18,5636.20
15.11.18,5718.90
14.11.18,5842.40
13.11.18,6429.20
12.11.18,6435.00
11.11.18,6446.10
10.11.18,6427.10
09.11.18,6412.00
08.11.18,6474.00
07.11.18,6565.30
06.11.18,6502.80
05.11.18,6459.70
04.11.18,6478.20
03.11.18,6386.20
02.11.18,6424.70
01.11.18,6400.50
31.10.18,6365.90
30.10.18,6325.70
29.10.18,6335.00
28.10.18,6486.10
27.10.18,6494.20
26.10.18,6510.00
25.10.18,6507.00
24.10.18,6530.70
23.10.18,6528.70
22.10.18,6555.80
21.10.18,6583.00
20.10.18,6572.20
19.10.18,6512.00
18.10.18,6574.10
17.10.18,6686.60
16.10.18,6705.30
15.10.18,6699.80
14.10.18,6326.80
13.10.18,6321.70
12.10.18,6291.30
11.10.18,6239.10
10.10.18,6618.00
09.10.18,6650.80
08.10.18,6669.60
07.10.18,6611.00
06.10.18,6596.30
05.10.18,6639.10
04.10.18,6584.20
03.10.18,6507.80
02.10.18,6549.90
01.10.18,6608.20
30.09.18,6635.20
29.09.18,6603.90
28.09.18,6636.00
27.09.18,6689.20
26.09.18,6468.10
25.09.18,6445.10
24.09.18,6584.10
23.09.18,6704.10
22.09.18,6729.60
21.09.18,6766.70
20.09.18,6489.20
19.09.18,6390.40
18.09.18,6342.00
17.09.18,6251.90
16.09.18,6500.20
15.09.18,6519.00
14.09.18,6483.70
13.09.18,6482.90
12.09.18,6338.00
11.09.18,6293.90
10.09.18,6321.00
09.09.18,6238.50
08.09.18,6184.30
07.09.18,6390.90
06.09.18,6514.00
05.09.18,6706.80
04.09.18,7377.50
03.09.18,7264.20
02.09.18,7293.90
01.09.18,7189.60
31.08.18,7033.80
30.08.18,6993.70
29.08.18,7029.10
28.08.18,7074.60
27.08.18,6897.60
26.08.18,6712.70
25.08.18,6734.80
24.08.18,6680.40
23.08.18,6521.20
22.08.18,6359.60
21.08.18,6482.20
20.08.18,6268.10
19.08.18,6481.50
18.08.18,6379.10
17.08.18,6581.70
16.08.18,6306.70
15.08.18,6256.90
14.08.18,6190.20
13.08.18,6255.30
12.08.18,6313.00
11.08.18,6231.60
10.08.18,6152.30
09.08.18,6538.80
08.08.18,6283.60
07.08.18,6724.90
06.08.18,6943.60
05.08.18,7027.10
04.08.18,7014.30
03.08.18,7419.00
02.08.18,7535.60
01.08.18,7606.40
31.07.18,7729.40
30.07.18,8177.10
29.07.18,8215.60
28.07.18,8234.10
27.07.18,8187.40
26.07.18,7937.00
25.07.18,8173.70
24.07.18,8407.00
23.07.18,7723.00
22.07.18,7412.30
21.07.18,7408.70
20.07.18,7339.40
19.07.18,7477.50
18.07.18,7383.60
17.07.18,7322.00
16.07.18,6729.90
15.07.18,6362.90
14.07.18,6254.80
13.07.18,6230.20
12.07.18,6250.60
11.07.18,6389.10
10.07.18,6307.20
09.07.18,6667.10
08.07.18,6714.80
07.07.18,6765.50
06.07.18,6617.70
05.07.18,6546.50
04.07.18,6598.40
03.07.18,6513.50
02.07.18,6619.50
01.07.18,6366.80
30.06.18,6398.90
29.06.18,6213.30
28.06.18,5883.50
27.06.18,6154.90
26.06.18,6082.10
25.06.18,6256.60
24.06.18,6154.60
23.06.18,6167.30
22.06.18,6055.70
21.06.18,6728.00
20.06.18,6765.40
19.06.18,6752.40
18.06.18,6719.80
17.06.18,6460.30
16.06.18,6505.80
15.06.18,6410.30
14.06.18,6647.10
13.06.18,6312.30
12.06.18,6558.20
11.06.18,6885.90
10.06.18,6775.10
09.06.18,7515.80
08.06.18,7622.10
07.06.18,7697.80
06.06.18,7661.00
05.06.18,7631.50
04.06.18,7504.30
03.06.18,7729.30
02.06.18,7646.60
01.06.18,7530.80
31.05.18,7502.60
30.05.18,7400.10
29.05.18,7467.70
28.05.18,7119.30
27.05.18,7366.70
26.05.18,7361.30
25.05.18,7477.70
24.05.18,7592.90
23.05.18,7512.30
22.05.18,8006.00
21.05.18,8403.30
20.05.18,8529.00
19.05.18,8245.10
18.05.18,8245.70
17.05.18,8063.00
16.05.18,8344.40
15.05.18,8477.00
14.05.18,8674.10
13.05.18,8693.50
12.05.18,8459.50
11.05.18,8408.30
10.05.18,9025.70
09.05.18,9319.10
08.05.18,9196.40
07.05.18,9431.60
06.05.18,9656.40
05.05.18,9853.50
04.05.18,9708.60
03.05.18,9749.70
02.05.18,9243.20
01.05.18,9074.90
30.04.18,9245.10
29.04.18,9415.10
28.04.18,9352.40
27.04.18,8940.90
26.04.18,9287.00
25.04.18,8873.10
24.04.18,9645.30
23.04.18,8952.80
22.04.18,8806.70
21.04.18,8923.10
20.04.18,8867.00
19.04.18,8290.80
18.04.18,8178.40
17.04.18,7908.60
16.04.18,8070.00
15.04.18,8363.60
14.04.18,8004.40
13.04.18,7887.40
12.04.18,7926.60
11.04.18,6962.10
10.04.18,6854.80
09.04.18,6781.90
08.04.18,7030.50
07.04.18,6905.70
06.04.18,6624.30
05.04.18,6782.00
04.04.18,6808.90
03.04.18,7424.20
02.04.18,7068.40
01.04.18,6825.20
31.03.18,6938.20
30.03.18,6853.70
29.03.18,7129.20
28.03.18,7954.90
27.03.18,7801.70
26.03.18,8143.50
25.03.18,8473.20
24.03.18,8547.40
23.03.18,8916.80
22.03.18,8726.20
21.03.18,8905.90
20.03.18,8912.60
19.03.18,8616.80
18.03.18,8201.20
17.03.18,7874.90
16.03.18,8289.20
15.03.18,8264.40
14.03.18,8210.60
13.03.18,9154.90
12.03.18,9137.40
11.03.18,9529.60
10.03.18,8762.00
09.03.18,9217.00
08.03.18,9300.00
07.03.18,9902.90
06.03.18,10675.10
05.03.18,11330.60
04.03.18,11416.50
03.03.18,11402.30
02.03.18,10827.70
01.03.18,10904.50
28.02.18,10333.90
27.02.18,10594.40
26.02.18,10285.10
25.02.18,9585.20
24.02.18,9704.30
23.02.18,10170.40
22.02.18,9841.70
21.02.18,10473.00
20.02.18,11238.70
19.02.18,11169.40
18.02.18,10398.80
17.02.18,11073.50
16.02.18,10178.70
15.02.18,10037.30
14.02.18,9476.30
13.02.18,8539.20
12.02.18,8903.50
11.02.18,8081.90
10.02.18,8559.60
09.02.18,8699.80
08.02.18,8164.20
07.02.18,7594.70
06.02.18,7701.20
05.02.18,6938.50
04.02.18,8222.20
03.02.18,9241.10
02.02.18,8893.20
01.02.18,9181.10
31.01.18,10265.40
30.01.18,10166.00
29.01.18,11244.80
28.01.18,11795.10
27.01.18,11467.50
26.01.18,11118.10
25.01.18,11203.00
24.01.18,11452.30
23.01.18,10903.20
22.01.18,10864.80
21.01.18,11594.90
20.01.18,12858.90
19.01.18,11580.20
18.01.18,11245.40
17.01.18,11192.30
16.01.18,11362.00
15.01.18,13697.50
14.01.18,13695.20
13.01.18,14292.20
12.01.18,13886.70
11.01.18,13535.40
10.01.18,15043.00
09.01.18,14778.50
08.01.18,14976.20
07.01.18,16228.20
06.01.18,17172.30
05.01.18,16954.80
04.01.18,15180.10
03.01.18,15156.60
02.01.18,14754.10
01.01.18,13444.90
31.12.17,13850.40
30.12.17,12531.50
29.12.17,14392.60
28.12.17,14398.70
27.12.17,15416.60
26.12.17,15756.60
25.12.17,13833.50
24.12.17,13790.00
23.12.17,14396.50
22.12.17,13665.00
21.12.17,15632.10
20.12.17,16462.00
19.12.17,17523.70
18.12.17,18972.30
17.12.17,19065.70
16.12.17,19345.50
15.12.17,17604.80
14.12.17,16467.90
13.12.17,16286.80
12.12.17,17083.90
11.12.17,16732.50
10.12.17,15059.60
09.12.17,14843.40
08.12.17,16047.60
07.12.17,16850.30
06.12.17,13749.60
05.12.17,11667.10
04.12.17,11623.90
03.12.17,11246.20
02.12.17,10912.70
01.12.17,10861.50
30.11.17,9946.80
29.11.17,9837.90
28.11.17,9906.00
27.11.17,9733.20
26.11.17,9318.40
25.11.17,8754.70
24.11.17,8200.80
23.11.17,8013.40
22.11.17,8234.50
21.11.17,8100.00
20.11.17,8244.70
19.11.17,8042.60
18.11.17,7780.90
17.11.17,7700.00
16.11.17,7853.70
15.11.17,7283.20
14.11.17,6597.10
13.11.17,6522.50
12.11.17,5878.10
11.11.17,6339.90
10.11.17,6565.80
09.11.17,7129.60
08.11.17,7444.40
07.11.17,7102.80
06.11.17,6959.20
05.11.17,7389.50
04.11.17,7363.80
03.11.17,7152.10
02.11.17,7024.80
01.11.17,6737.80
31.10.17,6451.20
30.10.17,6124.30
29.10.17,6147.50
28.10.17,5726.60
27.10.17,5764.60
26.10.17,5887.60
25.10.17,5734.00
24.10.17,5513.10
23.10.17,5903.60
22.10.17,5982.90
21.10.17,6006.60
20.10.17,5993.10
19.10.17,5698.60
18.10.17,5575.80
17.10.17,5598.60
16.10.17,5759.30
15.10.17,5688.10
14.10.17,5824.70
13.10.17,5637.30
12.10.17,5432.60
11.10.17,4824.20
10.10.17,4763.40
09.10.17,4777.50
08.10.17,4611.70
07.10.17,4435.80
06.10.17,4371.90
05.10.17,4321.40
04.10.17,4218.70
03.10.17,4314.20
02.10.17,4401.30
01.10.17,4403.10
30.09.17,4360.60
29.09.17,4172.80
28.09.17,4195.60
27.09.17,4212.20
26.09.17,3892.70
25.09.17,3932.80
24.09.17,3667.50
23.09.17,3788.00
22.09.17,3600.80
21.09.17,3617.30
20.09.17,3882.20
19.09.17,3908.00
18.09.17,4100.30
17.09.17,3689.60
16.09.17,3698.90
15.09.17,3713.80
14.09.17,3243.10
13.09.17,3870.30
12.09.17,4158.90
11.09.17,4217.90
10.09.17,4245.90
09.09.17,4335.10
08.09.17,4326.50
07.09.17,4635.60
06.09.17,4618.70
05.09.17,4409.10
04.09.17,4267.50
03.09.17,4612.90
02.09.17,4573.80
01.09.17,4921.90
31.08.17,4735.10
30.08.17,4583.00
29.08.17,4597.30
28.08.17,4390.30
27.08.17,4345.80
26.08.17,4352.30
25.08.17,4364.40
24.08.17,4318.40
23.08.17,4141.10
22.08.17,4089.70
21.08.17,4005.10
20.08.17,4066.60
19.08.17,4150.50
18.08.17,4105.40
17.08.17,4278.90
16.08.17,4387.40
15.08.17,4161.70
14.08.17,4327.90
13.08.17,4062.60
12.08.17,3871.60
11.08.17,3654.40
10.08.17,3425.70
09.08.17,3348.80
08.08.17,3429.40
07.08.17,3401.90
06.08.17,3232.00
05.08.17,3262.80
04.08.17,2878.50
03.08.17,2810.00
02.08.17,2720.50
01.08.17,2747.00
31.07.17,2883.30
30.07.17,2766.50
29.07.17,2733.50
28.07.17,2806.80
27.07.17,2691.90
26.07.17,2559.20
25.07.17,2582.60
24.07.17,2763.40
23.07.17,2756.60
22.07.17,2836.50
21.07.17,2675.10
20.07.17,2866.00
19.07.17,2282.60
18.07.17,2320.20
17.07.17,2233.40
16.07.17,1914.10
15.07.17,1975.10
14.07.17,2234.20
13.07.17,2362.40
12.07.17,2403.10
11.07.17,2324.30
10.07.17,2344.00
09.07.17,2511.40
08.07.17,2564.90
07.07.17,2513.90
06.07.17,2614.20
05.07.17,2627.90
04.07.17,2617.30
03.07.17,2572.50
02.07.17,2536.50
01.07.17,2424.60
30.06.17,2480.60
29.06.17,2558.40
28.06.17,2577.70
27.06.17,2583.80
26.06.17,2446.10
25.06.17,2541.60
24.06.17,2590.10
23.06.17,2710.40
22.06.17,2722.80
21.06.17,2677.60
20.06.17,2754.40
19.06.17,2616.80
18.06.17,2539.60
17.06.17,2655.10
16.06.17,2508.60
15.06.17,2442.50
14.06.17,2467.30
13.06.17,2713.00
12.06.17,2656.80
11.06.17,2973.40
10.06.17,2900.30
09.06.17,2811.40
08.06.17,2798.80
07.06.17,2691.50
06.06.17,2870.50
05.06.17,2705.00
04.06.17,2524.10
03.06.17,2545.40
02.06.17,2492.60
01.06.17,2412.60
31.05.17,2303.30
30.05.17,2192.60
29.05.17,2278.20
28.05.17,2189.00
27.05.17,2052.40
26.05.17,2244.90
25.05.17,2307.20
24.05.17,2445.30
23.05.17,2272.60
22.05.17,2124.40
21.05.17,2044.20
20.05.17,2040.20
19.05.17,1962.00
18.05.17,1881.00
17.05.17,1801.30
16.05.17,1729.30
15.05.17,1708.90
14.05.17,1772.60
13.05.17,1763.70
12.05.17,1686.40
11.05.17,1819.30
10.05.17,1752.30
09.05.17,1697.50
08.05.17,1664.50
07.05.17,1554.40
06.05.17,1545.30
05.05.17,1507.80
04.05.17,1516.80
03.05.17,1485.60
02.05.17,1445.90
01.05.17,1415.80
30.04.17,1351.90
29.04.17,1336.30
28.04.17,1329.60
27.04.17,1332.90
26.04.17,1286.60
25.04.17,1264.30
24.04.17,1248.20
23.04.17,1249.10
22.04.17,1240.90
21.04.17,1249.60
20.04.17,1238.10
19.04.17,1215.20
18.04.17,1206.10
17.04.17,1194.00
16.04.17,1176.80
15.04.17,1177.00
14.04.17,1177.30
13.04.17,1176.20
12.04.17,1212.50
11.04.17,1220.70
10.04.17,1206.70
09.04.17,1204.30
08.04.17,1180.80
07.04.17,1190.50
06.04.17,1188.70
05.04.17,1129.90
04.04.17,1141.80
03.04.17,1147.60
02.04.17,1097.40
01.04.17,1086.10
31.03.17,1079.10
30.03.17,1037.90
29.03.17,1041.90
28.03.17,1044.40
27.03.17,1045.10
26.03.17,969.40
25.03.17,966.30
24.03.17,939.70
23.03.17,1035.00
22.03.17,1044.70
21.03.17,1121.30
20.03.17,1047.50
19.03.17,1022.60
18.03.17,971.40
17.03.17,1071.70
16.03.17,1172.90
15.03.17,1253.40
14.03.17,1243.10
13.03.17,1238.20
12.03.17,1225.10
11.03.17,1179.20
10.03.17,1112.40
09.03.17,1191.30
08.03.17,1147.00
07.03.17,1232.70
06.03.17,1277.00
05.03.17,1271.20
04.03.17,1264.30
03.03.17,1283.30
02.03.17,1255.50
01.03.17,1222.70
28.02.17,1189.30
27.02.17,1188.80
26.02.17,1171.60
25.02.17,1149.10
24.02.17,1176.50
23.02.17,1171.90
22.02.17,1120.50
21.02.17,1119.00
20.02.17,1077.60
19.02.17,1048.90
18.02.17,1052.30
17.02.17,1049.40
16.02.17,1031.90
15.02.17,1008.20
14.02.17,1008.30
13.02.17,995.40
12.02.17,996.50
11.02.17,1008.30
10.02.17,997.60
09.02.17,979.00
08.02.17,1055.50
07.02.17,1049.60
06.02.17,1024.70
05.02.17,1016.10
04.02.17,1031.80
03.02.17,1013.00
02.02.17,1004.00
01.02.17,982.40
31.01.17,965.50
30.01.17,920.70
29.01.17,914.50
28.01.17,918.50
27.01.17,918.00
26.01.17,915.60
25.01.17,894.40
24.01.17,893.80
23.01.17,921.50
22.01.17,918.80
21.01.17,919.80
20.01.17,892.90
19.01.17,895.20
18.01.17,872.00
17.01.17,899.70
16.01.17,827.30
15.01.17,821.20
14.01.17,819.60
13.01.17,824.80
12.01.17,810.10
11.01.17,785.40
10.01.17,904.40
09.01.17,899.80
08.01.17,900.90
07.01.17,888.90
06.01.17,886.20
05.01.17,989.30
04.01.17,1135.40
03.01.17,1033.30
02.01.17,1017.00
01.01.17,995.40
31.12.16,963.40
30.12.16,959.00
29.12.16,971.10
28.12.16,972.20
27.12.16,925.80
26.12.16,898.40
25.12.16,891.10
24.12.16,891.10
23.12.16,917.20
22.12.16,860.20
21.12.16,829.20
20.12.16,799.10
19.12.16,789.80
18.12.16,789.00
17.12.16,787.20
16.12.16,782.00
15.12.16,775.20
14.12.16,776.50
13.12.16,778.70
12.12.16,778.50
11.12.16,767.90
10.12.16,774.00
09.12.16,770.50
08.12.16,768.50
07.12.16,765.60
06.12.16,758.20
05.12.16,754.30
04.12.16,766.40
03.12.16,764.20
02.12.16,770.90
01.12.16,752.60
30.11.16,742.50
29.11.16,732.60
28.11.16,733.30
27.11.16,729.40
26.11.16,734.10
25.11.16,740.40
24.11.16,735.30
23.11.16,741.10
22.11.16,749.30
21.11.16,736.20
20.11.16,728.50
19.11.16,747.90
18.11.16,747.00
17.11.16,737.50
16.11.16,740.30
15.11.16,711.10
14.11.16,704.60
13.11.16,702.00
12.11.16,704.30
11.11.16,715.00
10.11.16,714.60
09.11.16,721.40
08.11.16,710.90
07.11.16,705.40
06.11.16,709.90
05.11.16,702.10
04.11.16,702.10
03.11.16,684.90
02.11.16,733.50
01.11.16,726.80
31.10.16,698.70
30.10.16,697.30
29.10.16,715.00
28.10.16,686.20
27.10.16,682.30
26.10.16,674.70
25.10.16,651.00
24.10.16,650.50
23.10.16,653.00
22.10.16,655.50
21.10.16,630.50
20.10.16,628.30
19.10.16,629.10
18.10.16,635.30
17.10.16,637.40
16.10.16,640.10
15.10.16,637.00
14.10.16,637.90
13.10.16,635.60
12.10.16,636.00
11.10.16,640.50
10.10.16,617.30
09.10.16,615.80
08.10.16,617.70
07.10.16,616.00
06.10.16,611.00
05.10.16,611.80
04.10.16,609.00
03.10.16,611.60
02.10.16,610.70
01.10.16,613.40
30.09.16,608.10
29.09.16,604.70
28.09.16,604.70
27.09.16,605.50
26.09.16,606.50
25.09.16,601.50
24.09.16,602.60
23.09.16,602.90
22.09.16,595.60
21.09.16,597.20
20.09.16,609.20
19.09.16,609.80
18.09.16,610.70
17.09.16,607.10
16.09.16,607.80
15.09.16,608.10
14.09.16,609.50
13.09.16,608.60
12.09.16,608.00
11.09.16,605.60
10.09.16,624.50
09.09.16,623.20
08.09.16,625.60
07.09.16,613.20
06.09.16,610.40
05.09.16,605.80
04.09.16,609.50
03.09.16,598.80
02.09.16,575.30
01.09.16,572.00
31.08.16,573.90
30.08.16,577.30
29.08.16,574.20
28.08.16,575.00
27.08.16,570.30
26.08.16,579.40
25.08.16,578.00
24.08.16,579.70
23.08.16,583.60
22.08.16,587.50
21.08.16,580.70
20.08.16,582.60
19.08.16,574.60
18.08.16,573.40
17.08.16,572.30
16.08.16,580.20
15.08.16,567.00
14.08.16,569.10
13.08.16,584.60
12.08.16,587.10
11.08.16,587.80
10.08.16,590.90
09.08.16,585.30
08.08.16,589.20
07.08.16,590.80
06.08.16,586.50
05.08.16,574.70
04.08.16,576.20
03.08.16,566.40
02.08.16,513.40
01.08.16,607.00
31.07.16,621.90
30.07.16,654.70
29.07.16,655.40
28.07.16,654.10
27.07.16,654.50
26.07.16,654.40
25.07.16,654.00
24.07.16,659.30
23.07.16,655.20
22.07.16,651.10
21.07.16,664.60
20.07.16,664.40
19.07.16,671.10
18.07.16,670.40
17.07.16,676.30
16.07.16,660.70
15.07.16,664.20
14.07.16,657.30
13.07.16,661.20
12.07.16,670.60
11.07.16,646.70
10.07.16,647.10
09.07.16,651.80
08.07.16,662.80
07.07.16,635.30
06.07.16,672.70
05.07.16,663.70
04.07.16,675.20
03.07.16,661.60
02.07.16,698.10
01.07.16,674.60
30.06.16,670.00
29.06.16,636.50
28.06.16,644.90
27.06.16,644.70
26.06.16,625.40
25.06.16,663.50
24.06.16,656.90
23.06.16,620.80
22.06.16,590.60
21.06.16,667.40
20.06.16,734.00
19.06.16,761.00
18.06.16,753.80
17.06.16,743.90
16.06.16,761.20
15.06.16,690.80
14.06.16,685.10
13.06.16,700.10
12.06.16,666.50
11.06.16,591.60
10.06.16,577.90
09.06.16,574.70
08.06.16,580.50
07.06.16,575.60
06.06.16,583.60
05.06.16,574.90
04.06.16,572.00
03.06.16,567.00
02.06.16,537.10
01.06.16,537.40
31.05.16,528.90
30.05.16,532.30
29.05.16,516.00
28.05.16,524.20
27.05.16,474.00
26.05.16,453.30
25.05.16,449.80
24.05.16,446.10
23.05.16,443.70
22.05.16,439.60
21.05.16,443.60
20.05.16,442.10
19.05.16,442.70
18.05.16,454.20
17.05.16,453.30
16.05.16,454.90
15.05.16,458.10
14.05.16,456.40
13.05.16,455.40
12.05.16,454.40
11.05.16,452.50
10.05.16,449.40
09.05.16,460.40
08.05.16,457.90
07.05.16,458.50
06.05.16,459.60
05.05.16,448.10
04.05.16,445.80
03.05.16,450.30
02.05.16,444.20
01.05.16,452.20
30.04.16,448.50
29.04.16,455.00
28.04.16,448.50
27.04.16,447.00
26.04.16,466.00
25.04.16,461.70
24.04.16,457.60
23.04.16,450.10
22.04.16,445.30
21.04.16,449.30
20.04.16,441.20
19.04.16,434.90
18.04.16,427.70
17.04.16,426.30
16.04.16,430.00
15.04.16,428.70
14.04.16,424.00
13.04.16,423.50
12.04.16,424.70
11.04.16,421.40
10.04.16,420.30
09.04.16,418.00
08.04.16,417.70
07.04.16,420.10
06.04.16,421.30
05.04.16,422.10
04.04.16,419.30
03.04.16,419.10
02.04.16,418.50
01.04.16,415.60
31.03.16,415.70
30.03.16,412.40
29.03.16,415.00
28.03.16,422.20
27.03.16,424.60
26.03.16,416.50
25.03.16,415.70
24.03.16,414.70
23.03.16,417.00
22.03.16,416.20
21.03.16,411.10
20.03.16,411.50
19.03.16,408.70
18.03.16,408.20
17.03.16,418.20
16.03.16,415.90
15.03.16,415.10
14.03.16,414.30
13.03.16,412.40
12.03.16,410.40
11.03.16,419.10
10.03.16,415.80
09.03.16,412.80
08.03.16,411.90
07.03.16,414.90
06.03.16,406.00
05.03.16,399.00
04.03.16,409.50
03.03.16,419.60
02.03.16,425.40
01.03.16,434.00
29.02.16,436.20
28.02.16,432.50
27.02.16,431.30
26.02.16,427.30
25.02.16,423.50
24.02.16,422.70
23.02.16,419.90
22.02.16,437.80
21.02.16,437.90
20.02.16,440.10
19.02.16,420.00
18.02.16,421.40
17.02.16,417.10
16.02.16,406.40
15.02.16,401.10
14.02.16,405.50
13.02.16,390.10
12.02.16,384.00
11.02.16,379.50
10.02.16,381.90
09.02.16,375.30
08.02.16,372.60
07.02.16,377.90
06.02.16,376.70
05.02.16,386.50
04.02.16,390.60
03.02.16,368.00
02.02.16,373.90
01.02.16,372.20
31.01.16,369.80
30.01.16,377.80
29.01.16,380.30
28.01.16,379.70
27.01.16,395.00
26.01.16,389.80
25.01.16,392.80
24.01.16,402.10
23.01.16,388.60
22.01.16,382.60
21.01.16,410.20
20.01.16,414.60
19.01.16,379.50
18.01.16,384.40
17.01.16,382.50
16.01.16,385.00
15.01.16,372.30
14.01.16,429.10
13.01.16,432.20
12.01.16,445.00
11.01.16,447.70
10.01.16,446.20
09.01.16,448.30
08.01.16,452.90
07.01.16,457.00
06.01.16,430.80
05.01.16,431.20
04.01.16,433.30
03.01.16,430.70
02.01.16,433.70
01.01.16,434.00
31.12.15,430.00
30.12.15,427.10
29.12.15,431.90
28.12.15,421.80
27.12.15,422.40
26.12.15,415.40
25.12.15,454.00
24.12.15,453.00
23.12.15,442.40
22.12.15,437.00
21.12.15,437.60
20.12.15,441.80
19.12.15,461.20
18.12.15,463.20
17.12.15,455.50
16.12.15,454.00
15.12.15,462.60
14.12.15,442.00
13.12.15,434.70
12.12.15,432.30
11.12.15,449.80
10.12.15,415.50
09.12.15,416.00
08.12.15,410.70
07.12.15,394.30
06.12.15,393.40
05.12.15,386.70
04.12.15,361.70
03.12.15,360.30
02.12.15,360.00
01.12.15,361.80
30.11.15,378.00
29.11.15,370.80
28.11.15,355.80
27.11.15,359.50
26.11.15,353.70
25.11.15,327.50
24.11.15,318.40
23.11.15,322.10
22.11.15,322.80
21.11.15,324.70
20.11.15,321.10
19.11.15,325.00
18.11.15,335.90
17.11.15,333.90
16.11.15,330.20
15.11.15,317.50
14.11.15,331.80
13.11.15,333.80
12.11.15,333.90
11.11.15,304.70
10.11.15,336.70
09.11.15,380.20
08.11.15,371.60
07.11.15,385.10
06.11.15,369.80
05.11.15,382.70
04.11.15,400.90
03.11.15,396.50
02.11.15,359.30
01.11.15,323.00
31.10.15,311.20
30.10.15,327.10
29.10.15,313.60
28.10.15,303.50
27.10.15,294.70
26.10.15,285.10
25.10.15,287.90
24.10.15,282.60
23.10.15,276.90
22.10.15,274.40
21.10.15,267.10
20.10.15,269.80
19.10.15,263.80
18.10.15,261.70
17.10.15,269.60
16.10.15,262.90
15.10.15,254.40
14.10.15,252.30
13.10.15,248.80
12.10.15,245.40
11.10.15,247.60
10.10.15,245.40
09.10.15,244.00
08.10.15,242.60
07.10.15,243.00
06.10.15,246.10
05.10.15,240.10
04.10.15,238.30
03.10.15,238.60
02.10.15,236.70
01.10.15,237.10
30.09.15,235.90
29.09.15,236.70
28.09.15,238.90
27.09.15,232.50
26.09.15,234.30
25.09.15,235.00
24.09.15,233.80
23.09.15,229.90
22.09.15,230.00
21.09.15,226.30
20.09.15,231.10
19.09.15,231.10
18.09.15,232.20
17.09.15,232.70
16.09.15,228.60
15.09.15,229.50
14.09.15,229.90
13.09.15,230.20
12.09.15,235.60
11.09.15,239.90
10.09.15,238.10
09.09.15,237.40
08.09.15,243.20
07.09.15,239.60
06.09.15,239.90
05.09.15,233.70
04.09.15,230.30
03.09.15,226.20
02.09.15,228.60
01.09.15,227.20
31.08.15,229.50
30.08.15,228.40
29.08.15,228.50
28.08.15,231.60
27.08.15,222.70
26.08.15,225.00
25.08.15,220.50
24.08.15,211.40
23.08.15,226.80
22.08.15,229.50
21.08.15,232.40
20.08.15,234.70
19.08.15,226.00
18.08.15,246.70
17.08.15,257.10
16.08.15,257.10
15.08.15,260.50
14.08.15,265.00
13.08.15,263.40
12.08.15,267.70
11.08.15,269.00
10.08.15,263.30
09.08.15,263.90
08.08.15,258.60
07.08.15,277.90
06.08.15,278.00
05.08.15,281.70
04.08.15,284.30
03.08.15,281.60
02.08.15,281.40
01.08.15,280.50
31.07.15,283.70
30.07.15,287.00
29.07.15,288.40
28.07.15,293.70
27.07.15,293.00
26.07.15,291.80
25.07.15,288.70
24.07.15,288.40
23.07.15,275.50
22.07.15,276.50
21.07.15,275.10
20.07.15,277.70
19.07.15,273.20
18.07.15,274.00
17.07.15,279.60
16.07.15,276.60
15.07.15,283.40
14.07.15,287.00
13.07.15,290.40
12.07.15,310.40
11.07.15,292.00
10.07.15,283.60
09.07.15,269.10
08.07.15,268.60
07.07.15,266.20
06.07.15,269.10
05.07.15,270.10
04.07.15,260.50
03.07.15,255.40
02.07.15,254.90
01.07.15,257.60
30.06.15,264.10
29.06.15,257.00
28.06.15,248.90
27.06.15,250.70
26.06.15,242.90
25.06.15,242.60
24.06.15,240.60
23.06.15,243.80
22.06.15,247.50
21.06.15,244.10
20.06.15,245.00
19.06.15,244.10
18.06.15,248.40
17.06.15,247.40
16.06.15,249.80
15.06.15,237.00
14.06.15,233.80
13.06.15,232.50
12.06.15,230.50
11.06.15,229.90
10.06.15,228.80
09.06.15,229.60
08.06.15,228.60
07.06.15,223.50
06.06.15,224.70
05.06.15,225.30
04.06.15,224.20
03.06.15,225.60
02.06.15,225.70
01.06.15,223.10
31.05.15,229.80
30.05.15,233.20
29.05.15,237.00
28.05.15,237.30
27.05.15,237.30
26.05.15,237.80
25.05.15,237.40
24.05.15,241.00
23.05.15,238.90
22.05.15,240.40
21.05.15,235.40
20.05.15,234.00
19.05.15,232.00
18.05.15,232.60
17.05.15,236.30
16.05.15,236.20
15.05.15,237.20
14.05.15,236.90
13.05.15,236.40
12.05.15,241.60
11.05.15,241.80
10.05.15,240.00
09.05.15,241.40
08.05.15,243.70
07.05.15,237.70
06.05.15,230.00
05.05.15,235.80
04.05.15,239.00
03.05.15,240.00
02.05.15,235.30
01.05.15,233.20
30.04.15,235.80
29.04.15,225.40
28.04.15,225.80
27.04.15,229.00
26.04.15,218.70
25.04.15,226.10
24.04.15,231.10
23.04.15,235.40
22.04.15,233.80
21.04.15,233.70
20.04.15,224.20
19.04.15,223.00
18.04.15,223.40
17.04.15,222.60
16.04.15,228.00
15.04.15,223.00
14.04.15,218.00
13.04.15,223.60
12.04.15,235.90
11.04.15,236.50
10.04.15,234.70
09.04.15,243.30
08.04.15,244.60
07.04.15,253.00
06.04.15,255.00
05.04.15,259.60
04.04.15,252.90
03.04.15,254.50
02.04.15,252.60
01.04.15,246.20
31.03.15,244.10
30.03.15,246.80
29.03.15,242.10
28.03.15,252.00
27.03.15,247.20
26.03.15,248.00
25.03.15,246.40
24.03.15,246.70
23.03.15,265.50
22.03.15,268.60
21.03.15,259.70
20.03.15,261.80
19.03.15,260.90
18.03.15,255.90
17.03.15,285.40
16.03.15,290.40
15.03.15,284.90
14.03.15,281.60
13.03.15,287.20
12.03.15,293.90
11.03.15,295.60
10.03.15,291.40
09.03.15,290.00
08.03.15,274.50
07.03.15,274.90
06.03.15,272.60
05.03.15,275.20
04.03.15,271.90
03.03.15,280.60
02.03.15,273.80
01.03.15,257.90
28.02.15,254.10
27.02.15,253.50
26.02.15,236.50
25.02.15,237.30
24.02.15,238.90
23.02.15,238.80
22.02.15,235.70
21.02.15,244.40
20.02.15,244.50
19.02.15,241.90
18.02.15,235.20
17.02.15,243.20
16.02.15,235.80
15.02.15,233.30
14.02.15,258.60
13.02.15,236.20
12.02.15,221.80
11.02.15,218.80
10.02.15,219.70
09.02.15,220.30
08.02.15,223.70
07.02.15,227.70
06.02.15,223.00
05.02.15,216.50
04.02.15,226.60
03.02.15,227.40
02.02.15,238.90
01.02.15,225.30
31.01.15,218.50
30.01.15,231.80
29.01.15,234.00
28.01.15,236.20
27.01.15,263.30
26.01.15,269.20
25.01.15,252.10
24.01.15,248.20
23.01.15,232.20
22.01.15,232.70
21.01.15,228.20
20.01.15,210.60
19.01.15,215.90
18.01.15,210.60
17.01.15,199.60
16.01.15,206.90
15.01.15,209.80
14.01.15,164.90
13.01.15,221.30
12.01.15,269.30
11.01.15,264.80
10.01.15,273.40
09.01.15,288.00
08.01.15,282.70
07.01.15,291.30
06.01.15,282.30
05.01.15,274.80
04.01.15,264.70
03.01.15,287.10
02.01.15,315.20
01.01.15,314.90
31.12.14,318.20
30.12.14,311.30
29.12.14,314.10
28.12.14,316.50
27.12.14,315.30
26.12.14,330.00
25.12.14,319.00
24.12.14,322.40
23.12.14,335.30
22.12.14,330.80
21.12.14,322.60
20.12.14,330.40
19.12.14,317.80
18.12.14,310.30
17.12.14,320.00
16.12.14,330.20
15.12.14,345.40
14.12.14,349.40
13.12.14,348.20
12.12.14,353.40
11.12.14,347.70
10.12.14,347.90
09.12.14,352.20
08.12.14,365.00
07.12.14,376.50
06.12.14,376.30
05.12.14,377.60
04.12.14,369.80
03.12.14,377.00
02.12.14,380.60
01.12.14,378.60
30.11.14,374.90
29.11.14,376.30
28.11.14,377.60
27.11.14,368.80
26.11.14,365.40
25.11.14,376.40
24.11.14,378.90
23.11.14,365.90
22.11.14,352.00
21.11.14,351.80
20.11.14,357.30
19.11.14,381.40
18.11.14,379.20
17.11.14,384.70
16.11.14,385.60
15.11.14,374.90
14.11.14,396.50
13.11.14,428.70
12.11.14,432.00
11.11.14,365.40
10.11.14,367.10
09.11.14,362.00
08.11.14,343.50
07.11.14,341.90
06.11.14,347.70
05.11.14,338.00
04.11.14,328.00
03.11.14,324.20
02.11.14,322.50
01.11.14,325.40
31.10.14,337.90
30.10.14,344.90
29.10.14,335.10
28.10.14,351.10
27.10.14,350.10
26.10.14,348.70
25.10.14,346.70
24.10.14,355.10
23.10.14,355.80
22.10.14,378.90
21.10.14,382.40
20.10.14,380.40
19.10.14,387.30
18.10.14,390.90
17.10.14,380.50
16.10.14,379.80
15.10.14,393.20
14.10.14,397.10
13.10.14,387.30
12.10.14,373.20
11.10.14,361.20
10.10.14,361.70
09.10.14,360.90
08.10.14,350.90
07.10.14,331.60
06.10.14,331.50
05.10.14,322.90
04.10.14,335.30
03.10.14,363.50
02.10.14,375.10
01.10.14,382.80
30.09.14,388.20
29.09.14,376.80
28.09.14,379.10
27.09.14,399.00
26.09.14,404.50
25.09.14,412.30
24.09.14,423.80
23.09.14,436.90
22.09.14,404.10
21.09.14,401.60
20.09.14,411.50
19.09.14,397.70
18.09.14,424.30
17.09.14,461.10
16.09.14,466.80
15.09.14,477.70
14.09.14,477.70
13.09.14,478.20
12.09.14,477.70
11.09.14,478.50
10.09.14,479.70
09.09.14,474.90
08.09.14,475.70
07.09.14,485.80
06.09.14,484.50
05.09.14,483.60
04.09.14,491.00
03.09.14,480.00
02.09.14,478.90
01.09.14,477.20
31.08.14,481.80
30.08.14,506.00
29.08.14,512.60
28.08.14,510.80
27.08.14,515.20
26.08.14,512.60
25.08.14,502.90
24.08.14,509.70
23.08.14,497.70
22.08.14,516.10
21.08.14,517.90
20.08.14,516.80
19.08.14,485.10
18.08.14,462.20
17.08.14,485.50
16.08.14,522.00
15.08.14,496.50
14.08.14,504.80
13.08.14,542.10
12.08.14,567.70
11.08.14,575.90
10.08.14,592.10
09.08.14,589.50
08.08.14,595.80
07.08.14,592.80
06.08.14,589.80
05.08.14,588.80
04.08.14,592.80
03.08.14,588.90
02.08.14,591.70
01.08.14,598.80
31.07.14,589.50
30.07.14,564.60
29.07.14,585.80
28.07.14,587.90
27.07.14,595.00
26.07.14,596.00
25.07.14,600.50
24.07.14,601.90
23.07.14,621.70
22.07.14,622.50
21.07.14,625.10
20.07.14,621.00
19.07.14,627.00
18.07.14,627.50
17.07.14,626.60
16.07.14,614.80
15.07.14,619.60
14.07.14,618.30
13.07.14,628.00
12.07.14,635.90
11.07.14,632.90
10.07.14,618.40
09.07.14,623.00
08.07.14,615.30
07.07.14,613.60
06.07.14,626.70
05.07.14,623.00
04.07.14,624.00
03.07.14,638.00
02.07.14,645.70
01.07.14,643.20
30.06.14,635.10
29.06.14,601.10
28.06.14,597.60
27.06.14,602.20
26.06.14,582.70
25.06.14,568.50
24.06.14,588.80
23.06.14,591.20
22.06.14,603.60
21.06.14,597.00
20.06.14,590.80
19.06.14,600.20
18.06.14,606.20
17.06.14,605.10
16.06.14,599.10
15.06.14,582.30
14.06.14,583.40
13.06.14,610.30
12.06.14,597.10
11.06.14,643.00
10.06.14,655.60
09.06.14,644.30
08.06.14,651.00
07.06.14,651.70
06.06.14,650.40
05.06.14,660.20
04.06.14,638.90
03.06.14,669.40
02.06.14,655.50
01.06.14,649.80
31.05.14,627.90
30.05.14,612.30
29.05.14,564.40
28.05.14,570.80
27.05.14,570.10
26.05.14,582.00
25.05.14,570.40
24.05.14,520.50
23.05.14,518.10
22.05.14,515.40
21.05.14,488.80
20.05.14,484.60
19.05.14,443.90
18.05.14,450.10
17.05.14,452.80
16.05.14,453.60
15.05.14,448.10
14.05.14,442.60
13.05.14,433.90
12.05.14,438.20
11.05.14,433.20
10.05.14,451.90
09.05.14,445.50
08.05.14,441.10
07.05.14,446.50
06.05.14,432.20
05.05.14,430.90
04.05.14,436.00
03.05.14,438.60
02.05.14,453.70
01.05.14,460.10
30.04.14,445.60
29.04.14,446.10
28.04.14,441.90
27.04.14,443.20
26.04.14,457.90
25.04.14,464.50
24.04.14,500.30
23.04.14,487.30
22.04.14,487.90
21.04.14,495.20
20.04.14,498.50
19.04.14,506.00
18.04.14,485.50
17.04.14,502.00
16.04.14,537.00
15.04.14,526.40
14.04.14,478.40
13.04.14,427.60
12.04.14,437.60
11.04.14,435.10
10.04.14,384.60
09.04.14,457.30
08.04.14,466.60
07.04.14,462.40
06.04.14,455.70
05.04.14,456.60
04.04.14,444.40
03.04.14,436.30
02.04.14,424.40
01.04.14,463.50
31.03.14,444.70
30.03.14,446.90
29.03.14,477.10
28.03.14,482.60
27.03.14,460.50
26.03.14,562.50
25.03.14,562.90
24.03.14,567.60
23.03.14,551.20
22.03.14,564.30
21.03.14,549.60
20.03.14,566.00
19.03.14,595.00
18.03.14,598.90
17.03.14,606.40
16.03.14,619.10
15.03.14,624.00
14.03.14,614.00
13.03.14,625.00
12.03.14,619.40
11.03.14,608.70
10.03.14,613.00
09.03.14,627.00
08.03.14,609.20
07.03.14,616.70
06.03.14,648.30
05.03.14,658.30
04.03.14,661.80
03.03.14,662.20
02.03.14,544.60
01.03.14,557.40
28.02.14,573.90
27.02.14,596.50
26.02.14,593.10
25.02.14,135.80
24.02.14,174.00
23.02.14,310.20
22.02.14,255.60
21.02.14,111.60
20.02.14,111.90
19.02.14,261.50
18.02.14,294.00
17.02.14,272.30
16.02.14,299.80
15.02.14,371.10
14.02.14,427.70
13.02.14,451.40
12.02.14,531.10
11.02.14,579.00
10.02.14,582.60
09.02.14,659.60
08.02.14,648.80
07.02.14,695.70
06.02.14,828.90
05.02.14,904.50
04.02.14,926.60
03.02.14,931.70
02.02.14,953.30
01.02.14,940.40
31.01.14,938.80
30.01.14,941.40
29.01.14,925.70
28.01.14,932.70
27.01.14,943.50
26.01.14,1007.00
25.01.14,961.00
24.01.14,916.50
23.01.14,944.20
22.01.14,951.00
21.01.14,962.20
20.01.14,956.00
19.01.14,954.80
18.01.14,905.70
17.01.14,894.20
16.01.14,913.50
15.01.14,941.20
14.01.14,919.30
13.01.14,922.90
12.01.14,939.80
11.01.14,1005.30
10.01.14,957.80
09.01.14,937.00
08.01.14,938.80
07.01.14,879.90
06.01.14,1012.70
05.01.14,1014.70
04.01.14,924.70
03.01.14,884.30
02.01.14,856.90
01.01.14,815.90
31.12.13,805.90
30.12.13,804.80
29.12.13,785.00
28.12.13,762.00
27.12.13,803.00
26.12.13,802.00
25.12.13,707.30
24.12.13,702.80
23.12.13,713.20
22.12.13,639.50
21.12.13,640.50
20.12.13,650.00
19.12.13,732.00
18.12.13,541.00
17.12.13,715.00
16.12.13,759.90
15.12.13,919.90
14.12.13,908.90
13.12.13,936.80
12.12.13,900.00
11.12.13,919.90
10.12.13,1033.70
09.12.13,919.00
08.12.13,804.00
07.12.13,697.00
06.12.13,845.00
05.12.13,1106.30
04.12.13,1237.60
03.12.13,1154.90
02.12.13,1096.60
01.12.13,1004.40
30.11.13,1205.70
29.11.13,1206.90
28.11.13,1101.40
27.11.13,1079.90
26.11.13,970.00
25.11.13,830.00
24.11.13,795.00
23.11.13,832.50
22.11.13,802.00
21.11.13,764.90
20.11.13,638.00
19.11.13,645.70
18.11.13,785.40
17.11.13,528.30
16.11.13,462.00
15.11.13,433.90
14.11.13,433.40
13.11.13,434.90
12.11.13,380.00
11.11.13,363.00
10.11.13,336.30
09.11.13,367.80
08.11.13,355.00
07.11.13,309.60
06.11.13,264.10
05.11.13,251.30
04.11.13,238.20
03.11.13,224.00
02.11.13,211.70
01.11.13,213.40
31.10.13,211.20
30.10.13,208.00
29.10.13,216.00
28.10.13,206.90
27.10.13,206.90
26.10.13,188.60
25.10.13,197.90
24.10.13,207.00
23.10.13,228.00
22.10.13,203.00
21.10.13,192.80
20.10.13,186.10
19.10.13,183.10
18.10.13,168.30
17.10.13,157.60
16.10.13,152.80
15.10.13,158.10
14.10.13,151.40
13.10.13,147.50
12.10.13,142.90
11.10.13,140.10
10.10.13,140.40
09.10.13,139.50
08.10.13,136.50
07.10.13,135.80
06.10.13,137.80
05.10.13,136.70
04.10.13,136.80
03.10.13,131.00
02.10.13,123.00
01.10.13,140.30
30.09.13,141.90
29.09.13,143.90
28.09.13,142.50
27.09.13,138.90
26.09.13,137.10
25.09.13,135.00
24.09.13,134.80
23.09.13,133.40
22.09.13,134.00
21.09.13,134.40
20.09.13,133.80
19.09.13,135.10
18.09.13,140.40
17.09.13,139.10
16.09.13,139.40
15.09.13,138.30
14.09.13,136.70
13.09.13,140.70
12.09.13,139.40
11.09.13,142.10
10.09.13,132.60
09.09.13,133.10
08.09.13,126.30
07.09.13,129.00
06.09.13,121.90
05.09.13,130.20
04.09.13,132.50
03.09.13,144.00
02.09.13,144.00
01.09.13,146.00
31.08.13,141.00
30.08.13,138.00
29.08.13,129.30
28.08.13,128.80
27.08.13,131.30
26.08.13,120.10
25.08.13,122.10
24.08.13,119.60
23.08.13,118.50
22.08.13,122.00
21.08.13,123.30
20.08.13,121.20
19.08.13,118.50
18.08.13,113.40
17.08.13,112.80
16.08.13,109.00
15.08.13,110.00
14.08.13,112.60
13.08.13,109.60
12.08.13,106.80
11.08.13,105.00
10.08.13,103.00
09.08.13,102.80
08.08.13,103.10
07.08.13,106.00
06.08.13,106.60
05.08.13,106.70
04.08.13,105.10
03.08.13,104.90
02.08.13,104.50
01.08.13,104.00
31.07.13,106.20
30.07.13,108.00
29.07.13,101.50
28.07.13,98.80
27.07.13,94.40
26.07.13,96.00
25.07.13,96.90
24.07.13,95.10
23.07.13,95.60
22.07.13,91.60
21.07.13,92.00
20.07.13,89.80
19.07.13,92.00
18.07.13,90.10
17.07.13,98.50
16.07.13,97.10
15.07.13,98.90
14.07.13,94.40
13.07.13,98.30
12.07.13,94.00
11.07.13,89.00
10.07.13,88.00
09.07.13,76.70
08.07.13,76.00
07.07.13,76.50
06.07.13,69.70
05.07.13,68.50
04.07.13,80.00
03.07.13,78.90
02.07.13,90.40
01.07.13,88.10
30.06.13,97.50
29.06.13,95.00
28.06.13,94.70
27.06.13,101.70
26.06.13,104.00
25.06.13,103.30
24.06.13,102.10
23.06.13,107.90
22.06.13,108.20
21.06.13,109.50
20.06.13,111.30
19.06.13,108.30
18.06.13,107.30
17.06.13,101.90
16.06.13,99.90
15.06.13,99.80
14.06.13,100.00
13.06.13,103.90
12.06.13,108.80
11.06.13,109.00
10.06.13,106.30
09.06.13,100.40
08.06.13,107.90
07.06.13,111.00
06.06.13,119.00
05.06.13,121.90
04.06.13,121.40
03.06.13,120.70
02.06.13,122.50
01.06.13,129.30
31.05.13,128.80
30.05.13,128.80
29.05.13,132.30
28.05.13,129.00
27.05.13,129.80
26.05.13,133.50
25.05.13,132.00
24.05.13,133.10
23.05.13,126.30
22.05.13,123.80
21.05.13,122.90
20.05.13,122.00
19.05.13,122.50
18.05.13,123.20
17.05.13,123.50
16.05.13,118.20
15.05.13,114.20
14.05.13,111.40
13.05.13,118.00
12.05.13,114.80
11.05.13,115.60
10.05.13,117.70
09.05.13,112.80
08.05.13,113.20
07.05.13,109.60
06.05.13,112.30
05.05.13,116.00
04.05.13,112.90
03.05.13,98.10
02.05.13,106.30
01.05.13,116.40
30.04.13,139.20
29.04.13,144.00
28.04.13,134.40
27.04.13,128.00
26.04.13,136.90
25.04.13,141.70
24.04.13,154.20
23.04.13,143.50
22.04.13,127.40
21.04.13,119.20
20.04.13,126.60
19.04.13,118.50
18.04.13,109.00
17.04.13,93.10
16.04.13,68.40
15.04.13,82.40
14.04.13,90.00
13.04.13,93.00
12.04.13,117.00
11.04.13,124.90
10.04.13,165.00
09.04.13,230.00
08.04.13,187.50
07.04.13,162.30
06.04.13,142.60
05.04.13,142.30
04.04.13,132.10
03.04.13,135.00
02.04.13,118.00
01.04.13,104.00
31.03.13,93.00
30.03.13,92.20
29.03.13,90.50
28.03.13,86.20
27.03.13,88.90
26.03.13,78.50
25.03.13,73.60
24.03.13,71.50
23.03.13,64.30
22.03.13,69.90
21.03.13,70.80
20.03.13,64.50
19.03.13,59.10
18.03.13,51.60
17.03.13,47.40
16.03.13,47.00
15.03.13,47.00
14.03.13,47.20
13.03.13,46.90
12.03.13,44.30
11.03.13,48.40
10.03.13,46.00
09.03.13,46.80
08.03.13,44.20
07.03.13,42.00
06.03.13,41.00
05.03.13,40.30
04.03.13,36.20
03.03.13,34.50
02.03.13,34.30
01.03.13,34.50
28.02.13,33.40
27.02.13,30.90
26.02.13,31.10
25.02.13,30.40
24.02.13,29.90
23.02.13,29.80
22.02.13,30.30
21.02.13,29.80
20.02.13,29.60
19.02.13,29.40
18.02.13,27.00
17.02.13,26.80
16.02.13,27.20
15.02.13,27.10
14.02.13,27.20
13.02.13,24.20
12.02.13,25.20
11.02.13,24.60
10.02.13,24.00
09.02.13,23.60
08.02.13,22.70
07.02.13,22.10
06.02.13,21.20
05.02.13,20.60
04.02.13,20.40
03.02.13,20.60
02.02.13,19.60
01.02.13,20.50
31.01.13,20.40
30.01.13,19.70
29.01.13,19.50
28.01.13,18.70
27.01.13,17.80
26.01.13,17.90
25.01.13,17.40
24.01.13,16.90
23.01.13,17.50
22.01.13,17.30
21.01.13,16.80
20.01.13,15.70
19.01.13,15.60
18.01.13,15.70
17.01.13,15.50
16.01.13,14.70
15.01.13,14.30
14.01.13,14.30
13.01.13,14.10
12.01.13,14.20
11.01.13,14.10
10.01.13,14.10
09.01.13,13.80
08.01.13,13.70
07.01.13,13.60
06.01.13,13.40
05.01.13,13.40
04.01.13,13.50
03.01.13,13.40
02.01.13,13.30
01.01.13,13.30
31.12.12,13.50
30.12.12,13.40
29.12.12,13.40
28.12.12,13.40
27.12.12,13.40
26.12.12,13.50
25.12.12,13.40
24.12.12,13.40
23.12.12,13.30
22.12.12,13.40
21.12.12,13.50
20.12.12,13.50
19.12.12,13.60
18.12.12,13.30
17.12.12,13.30
16.12.12,13.30
15.12.12,13.50
14.12.12,13.60
13.12.12,13.70
12.12.12,13.70
11.12.12,13.60
10.12.12,13.40
09.12.12,13.40
08.12.12,13.40
07.12.12,13.50
06.12.12,13.30
05.12.12,13.40
04.12.12,13.40
03.12.12,12.70
02.12.12,12.50
01.12.12,12.60
30.11.12,12.60
29.11.12,12.40
28.11.12,12.40
27.11.12,12.20
26.11.12,12.30
25.11.12,12.50
24.11.12,12.40
23.11.12,12.40
22.11.12,12.40
21.11.12,11.80
20.11.12,11.70
19.11.12,11.80
18.11.12,11.60
17.11.12,11.80
16.11.12,11.80
15.11.12,11.20
14.11.12,10.90
13.11.12,10.90
12.11.12,11.00
11.11.12,10.90
10.11.12,10.90
09.11.12,10.80
08.11.12,10.90
07.11.12,10.90
06.11.12,10.90
05.11.12,10.80
04.11.12,10.80
03.11.12,10.60
02.11.12,10.50
01.11.12,10.60
31.10.12,11.20
30.10.12,10.90
29.10.12,10.60
28.10.12,10.70
27.10.12,10.30
26.10.12,10.20
25.10.12,10.90
24.10.12,11.60
23.10.12,11.60
22.10.12,11.70
21.10.12,11.60
20.10.12,11.70
19.10.12,11.70
18.10.12,11.90
17.10.12,11.80
16.10.12,11.90
15.10.12,11.80
14.10.12,11.70
13.10.12,11.90
12.10.12,12.00
11.10.12,12.00
10.10.12,12.10
09.10.12,11.90
08.10.12,11.80
07.10.12,11.80
06.10.12,12.50
05.10.12,12.70
04.10.12,12.90
03.10.12,12.90
02.10.12,12.80
01.10.12,12.40
30.09.12,12.40
29.09.12,12.40
28.09.12,12.40
27.09.12,12.30
26.09.12,12.30
25.09.12,12.20
24.09.12,12.10
23.09.12,12.20
22.09.12,12.20
21.09.12,12.40
20.09.12,12.30
19.09.12,12.60
18.09.12,12.30
17.09.12,11.90
16.09.12,11.90
15.09.12,11.80
14.09.12,11.70
13.09.12,11.40
12.09.12,11.40
11.09.12,11.30
10.09.12,11.20
09.09.12,11.00
08.09.12,11.00
07.09.12,11.00
06.09.12,11.20
05.09.12,11.00
04.09.12,10.40
03.09.12,10.50
02.09.12,10.20
01.09.12,10.00
31.08.12,10.20
30.08.12,10.80
29.08.12,10.90
28.08.12,10.90
27.08.12,10.90
26.08.12,10.60
25.08.12,10.50
24.08.12,10.60
23.08.12,10.10
22.08.12,9.80
21.08.12,9.90
20.08.12,10.10
19.08.12,8.00
18.08.12,11.60
17.08.12,11.60
16.08.12,13.50
15.08.12,13.30
14.08.12,12.20
13.08.12,12.00
12.08.12,11.60
11.08.12,11.50
10.08.12,11.40
09.08.12,11.10
08.08.12,11.10
07.08.12,11.10
06.08.12,10.90
05.08.12,10.90
04.08.12,11.00
03.08.12,11.00
02.08.12,10.50
01.08.12,9.60
31.07.12,9.40
30.07.12,9.10
29.07.12,8.70
28.07.12,8.90
27.07.12,8.90
26.07.12,8.90
25.07.12,8.80
24.07.12,8.60
23.07.12,8.40
22.07.12,8.40
21.07.12,8.90
20.07.12,8.50
19.07.12,8.90
18.07.12,9.10
17.07.12,8.80
16.07.12,8.50
15.07.12,7.60
14.07.12,7.50
13.07.12,7.70
12.07.12,7.80
11.07.12,7.20
10.07.12,7.20
09.07.12,7.00
08.07.12,6.80
07.07.12,6.80
06.07.12,6.70
05.07.12,6.70
04.07.12,6.50
03.07.12,6.40
02.07.12,6.80
01.07.12,6.60
30.06.12,6.70
29.06.12,6.70
28.06.12,6.60
27.06.12,6.70
26.06.12,6.40
25.06.12,6.30
24.06.12,6.30
23.06.12,6.40
22.06.12,6.60
21.06.12,6.70
20.06.12,6.70
19.06.12,6.50
18.06.12,6.30
17.06.12,6.20
16.06.12,6.40
15.06.12,6.50
14.06.12,5.90
13.06.12,5.90
12.06.12,5.70
11.06.12,5.60
10.06.12,5.50
09.06.12,5.60
08.06.12,5.60
07.06.12,5.60
06.06.12,5.50
05.06.12,5.40
04.06.12,5.30
03.06.12,5.20
02.06.12,5.30
01.06.12,5.30
31.05.12,5.20
30.05.12,5.10
29.05.12,5.20
28.05.12,5.10
27.05.12,5.10
26.05.12,5.10
25.05.12,5.20
24.05.12,5.10
23.05.12,5.10
22.05.12,5.10
21.05.12,5.10
20.05.12,5.10
19.05.12,5.10
18.05.12,5.10
17.05.12,5.10
16.05.12,5.10
15.05.12,5.00
14.05.12,5.00
13.05.12,4.90
12.05.12,4.90
11.05.12,5.00
10.05.12,4.80
09.05.12,5.00
08.05.12,5.10
07.05.12,5.10
06.05.12,5.10
05.05.12,5.10
04.05.12,5.10
03.05.12,5.10
02.05.12,5.10
01.05.12,5.00
30.04.12,4.90
29.04.12,4.90
28.04.12,5.00
27.04.12,5.10
26.04.12,5.10
25.04.12,5.10
24.04.12,5.10
23.04.12,5.00
22.04.12,5.20
21.04.12,5.30
20.04.12,5.30
19.04.12,5.10
18.04.12,5.10
17.04.12,5.00
16.04.12,4.90
15.04.12,5.00
14.04.12,5.00
13.04.12,4.90
12.04.12,4.90
11.04.12,4.90
10.04.12,4.80
09.04.12,4.90
08.04.12,4.80
07.04.12,4.70
06.04.12,4.90
05.04.12,4.90
04.04.12,4.90
03.04.12,4.90
02.04.12,5.00
01.04.12,4.80
31.03.12,4.90
30.03.12,4.90
29.03.12,4.80
28.03.12,4.80
27.03.12,4.80
26.03.12,4.60
25.03.12,4.60
24.03.12,4.70
23.03.12,4.70
22.03.12,4.70
21.03.12,4.80
20.03.12,4.80
19.03.12,4.70
18.03.12,5.30
17.03.12,5.20
16.03.12,5.30
15.03.12,5.30
14.03.12,5.40
13.03.12,5.30
12.03.12,4.90
11.03.12,4.90
10.03.12,4.80
09.03.12,4.90
08.03.12,4.90
07.03.12,4.90
06.03.12,5.00
05.03.12,5.00
04.03.12,4.80
03.03.12,4.60
02.03.12,4.70
01.03.12,4.90
29.02.12,4.90
28.02.12,4.90
27.02.12,5.00
26.02.12,4.90
25.02.12,4.80
24.02.12,5.00
23.02.12,5.00
22.02.12,4.40
21.02.12,4.30
20.02.12,4.40
19.02.12,4.40
18.02.12,4.20
17.02.12,4.40
16.02.12,4.30
15.02.12,4.30
14.02.12,4.50
13.02.12,5.30
12.02.12,5.50
11.02.12,5.60
10.02.12,5.90
09.02.12,5.80
08.02.12,5.60
07.02.12,5.70
06.02.12,5.40
05.02.12,5.70
04.02.12,5.90
03.02.12,6.00
02.02.12,6.10
01.02.12,6.10
31.01.12,5.50
30.01.12,5.50
29.01.12,5.40
28.01.12,5.60
27.01.12,5.30
26.01.12,5.30
25.01.12,5.80
24.01.12,6.30
23.01.12,6.40
22.01.12,6.30
21.01.12,6.20
20.01.12,6.50
19.01.12,6.40
18.01.12,5.90
17.01.12,5.60
16.01.12,6.70
15.01.12,7.00
14.01.12,6.80
13.01.12,6.40
12.01.12,6.80
11.01.12,6.90
10.01.12,6.40
09.01.12,6.30
08.01.12,7.10
07.01.12,6.80
06.01.12,6.70
05.01.12,6.90
04.01.12,5.60
03.01.12,4.90
02.01.12,5.20
01.01.12,5.30
31.12.11,4.70
30.12.11,4.30
29.12.11,4.20
28.12.11,4.20
27.12.11,4.10
26.12.11,4.00
25.12.11,4.20
24.12.11,3.90
23.12.11,4.00
22.12.11,3.90
21.12.11,3.90
20.12.11,4.00
19.12.11,3.50
18.12.11,3.20
17.12.11,3.20
16.12.11,3.20
15.12.11,3.20
14.12.11,3.20
13.12.11,3.30
12.12.11,3.10
11.12.11,3.30
10.12.11,3.00
09.12.11,3.00
08.12.11,3.00
07.12.11,3.00
06.12.11,3.00
05.12.11,2.90
04.12.11,2.80
03.12.11,2.80
02.12.11,3.10
01.12.11,3.10
30.11.11,3.00
29.11.11,2.80
28.11.11,2.50
27.11.11,2.50
26.11.11,2.50
25.11.11,2.50
24.11.11,2.40
23.11.11,2.30
22.11.11,2.30
21.11.11,2.30
20.11.11,2.20
19.11.11,2.20
18.11.11,2.00
17.11.11,2.30
16.11.11,2.60
15.11.11,2.30
14.11.11,2.20
13.11.11,3.00
12.11.11,3.00
11.11.11,3.10
10.11.11,2.80
09.11.11,3.00
08.11.11,3.00
07.11.11,3.00
06.11.11,3.00
05.11.11,3.00
04.11.11,3.10
03.11.11,3.20
02.11.11,3.30
01.11.11,3.20
31.10.11,3.30
30.10.11,3.30
29.10.11,3.60
28.10.11,3.20
27.10.11,3.00
26.10.11,2.80
25.10.11,2.80
24.10.11,2.50
23.10.11,3.20
22.10.11,3.20
21.10.11,2.60
20.10.11,2.30
19.10.11,2.30
18.10.11,2.40
17.10.11,2.60
16.10.11,3.60
15.10.11,3.80
14.10.11,4.00
13.10.11,4.10
12.10.11,4.20
11.10.11,3.90
10.10.11,4.10
09.10.11,4.10
08.10.11,4.00
07.10.11,4.30
06.10.11,4.70
05.10.11,4.90
04.10.11,5.00
03.10.11,5.00
02.10.11,5.00
01.10.11,5.00
30.09.11,5.10
29.09.11,4.80
28.09.11,4.80
27.09.11,4.90
26.09.11,4.90
25.09.11,5.30
24.09.11,5.50
23.09.11,5.60
22.09.11,5.40
21.09.11,5.60
20.09.11,6.10
19.09.11,5.50
18.09.11,5.20
17.09.11,4.80
16.09.11,4.80
15.09.11,4.80
14.09.11,5.60
13.09.11,5.80
12.09.11,6.10
11.09.11,5.90
10.09.11,4.80
09.09.11,5.00
08.09.11,6.50
07.09.11,7.20
06.09.11,6.90
05.09.11,7.60
04.09.11,8.20
03.09.11,8.50
02.09.11,8.60
01.09.11,8.20
31.08.11,8.20
30.08.11,8.80
29.08.11,9.00
28.08.11,9.10
27.08.11,8.60
26.08.11,8.20
25.08.11,9.70
24.08.11,10.90
23.08.11,10.90
22.08.11,10.90
21.08.11,11.30
20.08.11,11.40
19.08.11,11.60
18.08.11,10.80
17.08.11,10.90
16.08.11,11.00
15.08.11,11.10
14.08.11,10.80
13.08.11,10.10
12.08.11,9.50
11.08.11,9.50
10.08.11,10.00
09.08.11,10.00
08.08.11,7.80
07.08.11,7.90
06.08.11,6.60
05.08.11,9.80
04.08.11,10.80
03.08.11,9.30
02.08.11,12.10
01.08.11,13.10
31.07.11,13.40
30.07.11,13.50
29.07.11,13.50
28.07.11,13.50
27.07.11,13.90
26.07.11,13.90
25.07.11,14.10
24.07.11,14.00
23.07.11,13.70
22.07.11,13.70
21.07.11,13.60
20.07.11,13.70
19.07.11,13.90
18.07.11,13.50
17.07.11,13.20
16.07.11,13.70
15.07.11,13.80
14.07.11,14.00
13.07.11,13.90
12.07.11,14.00
11.07.11,14.20
10.07.11,14.90
09.07.11,14.40
08.07.11,14.30
07.07.11,14.80
06.07.11,14.80
05.07.11,12.90
04.07.11,13.90
03.07.11,15.40
02.07.11,15.40
01.07.11,15.40
30.06.11,16.10
29.06.11,16.90
28.06.11,17.00
27.06.11,16.80
26.06.11,16.50
25.06.11,17.50
24.06.11,17.50
23.06.11,17.50
22.06.11,17.50
21.06.11,17.50
20.06.11,17.50
19.06.11,17.50
18.06.11,16.90
17.06.11,15.70
16.06.11,17.00
15.06.11,19.50
14.06.11,19.30
13.06.11,19.80
12.06.11,18.50
11.06.11,14.60
10.06.11,24.00
09.06.11,28.90
08.06.11,29.60
07.06.11,23.90
06.06.11,18.50
05.06.11,16.70
04.06.11,18.90
03.06.11,14.30
02.06.11,10.60
01.06.11,9.60
31.05.11,8.70
30.05.11,8.80
29.05.11,8.40
28.05.11,8.30
27.05.11,8.50
26.05.11,8.80
25.05.11,8.40
24.05.11,7.40
23.05.11,7.20
22.05.11,6.70
21.05.11,6.10
20.05.11,5.60
19.05.11,6.80
18.05.11,6.90
17.05.11,7.20
16.05.11,8.00
15.05.11,7.00
14.05.11,7.20
13.05.11,8.20
12.05.11,6.30
11.05.11,5.50
10.05.11,5.80
09.05.11,3.80
08.05.11,3.90
07.05.11,3.60
06.05.11,3.50
05.05.11,3.30
04.05.11,3.40
03.05.11,3.40
02.05.11,3.20
01.05.11,3.00
30.04.11,3.50
29.04.11,2.90
28.04.11,2.20
27.04.11,1.90
26.04.11,1.80
25.04.11,1.60
24.04.11,1.60
23.04.11,1.70
22.04.11,1.40
21.04.11,1.20
20.04.11,1.10
19.04.11,1.20
18.04.11,1.20
17.04.11,1.10
16.04.11,1.00
15.04.11,1.00
14.04.11,1.00
13.04.11,0.90
12.04.11,0.90
11.04.11,0.80
10.04.11,0.70
09.04.11,0.70
08.04.11,0.80
07.04.11,0.80
06.04.11,0.70
05.04.11,0.70
04.04.11,0.70
03.04.11,0.80
02.04.11,0.80
01.04.11,0.80
31.03.11,0.80
30.03.11,0.80
29.03.11,0.80
28.03.11,0.80
27.03.11,0.80
26.03.11,0.90
25.03.11,0.90
24.03.11,0.90
23.03.11,0.80
22.03.11,0.80
21.03.11,0.80
20.03.11,0.70
19.03.11,0.80
18.03.11,0.80
17.03.11,0.80
16.03.11,0.90
15.03.11,0.90
14.03.11,0.90
13.03.11,0.90
12.03.11,0.90
11.03.11,0.90
10.03.11,0.90
09.03.11,0.90
08.03.11,0.90
07.03.11,0.90
06.03.11,0.90
05.03.11,0.90
04.03.11,0.90
03.03.11,0.90
02.03.11,0.90
01.03.11,0.90
28.02.11,0.90
27.02.11,0.90
26.02.11,1.00
25.02.11,0.90
24.02.11,1.00
23.02.11,0.90
22.02.11,0.90
21.02.11,0.80
20.02.11,0.90
19.02.11,0.90
18.02.11,0.90
17.02.11,1.00
16.02.11,1.00
15.02.11,1.00
14.02.11,1.10
13.02.11,1.00
12.02.11,1.10
11.02.11,1.10
10.02.11,1.00
09.02.11,1.10
08.02.11,0.90
07.02.11,0.90
06.02.11,0.90
05.02.11,0.90
04.02.11,0.80
03.02.11,0.70
02.02.11,0.70
01.02.11,0.70
31.01.11,0.50
30.01.11,0.50
29.01.11,0.40
28.01.11,0.40
27.01.11,0.40
26.01.11,0.40
25.01.11,0.40
24.01.11,0.40
23.01.11,0.40
22.01.11,0.40
21.01.11,0.40
20.01.11,0.40
19.01.11,0.30
18.01.11,0.30
17.01.11,0.30
16.01.11,0.40
15.01.11,0.40
14.01.11,0.40
13.01.11,0.30
12.01.11,0.30
11.01.11,0.30
10.01.11,0.30
09.01.11,0.30
08.01.11,0.30
07.01.11,0.30
06.01.11,0.30
05.01.11,0.30
04.01.11,0.30
03.01.11,0.30
02.01.11,0.30
01.01.11,0.30
31.12.10,0.30
30.12.10,0.30
29.12.10,0.30
28.12.10,0.30
27.12.10,0.30
26.12.10,0.30
25.12.10,0.20
24.12.10,0.20
23.12.10,0.30
22.12.10,0.30
21.12.10,0.20
20.12.10,0.30
19.12.10,0.20
18.12.10,0.20
17.12.10,0.20
16.12.10,0.30
15.12.10,0.20
14.12.10,0.20
13.12.10,0.20
12.12.10,0.20
11.12.10,0.20
10.12.10,0.20
09.12.10,0.20
08.12.10,0.20
07.12.10,0.20
06.12.10,0.20
05.12.10,0.20
04.12.10,0.20
03.12.10,0.30
02.12.10,0.30
01.12.10,0.20
30.11.10,0.20
29.11.10,0.20
28.11.10,0.30
27.11.10,0.30
26.11.10,0.30
25.11.10,0.30
24.11.10,0.30
23.11.10,0.30
22.11.10,0.30
21.11.10,0.30
20.11.10,0.30
19.11.10,0.30
18.11.10,0.30
17.11.10,0.20
16.11.10,0.20
15.11.10,0.30
14.11.10,0.30
13.11.10,0.30
12.11.10,0.30
11.11.10,0.20
10.11.10,0.20
09.11.10,0.20
08.11.10,0.20
07.11.10,0.30
06.11.10,0.40
05.11.10,0.30
04.11.10,0.20
03.11.10,0.20
02.11.10,0.20
01.11.10,0.20
31.10.10,0.20
30.10.10,0.20
29.10.10,0.20
28.10.10,0.20
27.10.10,0.20
26.10.10,0.20
25.10.10,0.10
24.10.10,0.10
23.10.10,0.10
22.10.10,0.10
21.10.10,0.10
20.10.10,0.10
19.10.10,0.10
18.10.10,0.10
17.10.10,0.10
16.10.10,0.10
15.10.10,0.10
14.10.10,0.10
13.10.10,0.10
12.10.10,0.10
11.10.10,0.10
10.10.10,0.10
09.10.10,0.10
08.10.10,0.10
07.10.10,0.10
06.10.10,0.10
05.10.10,0.10
04.10.10,0.10
03.10.10,0.10
02.10.10,0.10
01.10.10,0.10
30.09.10,0.10
29.09.10,0.10
28.09.10,0.10
27.09.10,0.10
26.09.10,0.10
25.09.10,0.10
24.09.10,0.10
23.09.10,0.10
22.09.10,0.10
21.09.10,0.10
20.09.10,0.10
19.09.10,0.10
18.09.10,0.10
17.09.10,0.10
16.09.10,0.10
15.09.10,0.10
14.09.10,0.10
13.09.10,0.10
12.09.10,0.10
11.09.10,0.10
10.09.10,0.10
09.09.10,0.10
08.09.10,0.10
07.09.10,0.10
06.09.10,0.10
05.09.10,0.10
04.09.10,0.10
03.09.10,0.10
02.09.10,0.10
01.09.10,0.10
31.08.10,0.10
30.08.10,0.10
29.08.10,0.10
28.08.10,0.10
27.08.10,0.10
26.08.10,0.10
25.08.10,0.10
24.08.10,0.10
23.08.10,0.10
22.08.10,0.10
21.08.10,0.10
20.08.10,0.10
19.08.10,0.10
18.08.10,0.10
17.08.10,0.10
16.08.10,0.10
15.08.10,0.10
14.08.10,0.10
13.08.10,0.10
12.08.10,0.10
11.08.10,0.10
10.08.10,0.10
09.08.10,0.10
08.08.10,0.10
07.08.10,0.10
06.08.10,0.10
05.08.10,0.10
04.08.10,0.10
03.08.10,0.10
02.08.10,0.10
01.08.10,0.10
31.07.10,0.10
30.07.10,0.10
29.07.10,0.10
28.07.10,0.10
27.07.10,0.10
26.07.10,0.10
25.07.10,0.10
24.07.10,0.10
23.07.10,0.10
22.07.10,0.10
21.07.10,0.10
20.07.10,0.10
19.07.10,0.10
18.07.10,0.10